Codigo_Interno,Imagen 1,Imagen 2,Imagen 3,Imagen 4,Imagen 5,Imagen 6
63782,,https://f.fcdn.app/imgs/2e6ba2/www.gstop.uy/gameuy/764c/webp/catalogo/63782_63782_1/1024-1024/bateria-portatil-con-carga-inalambrica-10000-mah-apto-para-aviones-bateria-portatil-con-carga-inalambrica-10000-mah-apto-para-aviones.jpg,https://f.fcdn.app/imgs/cd7081/www.gstop.uy/gameuy/a19f/webp/catalogo/63782_63782_2/1024-1024/bateria-portatil-con-carga-inalambrica-10000-mah-apto-para-aviones-bateria-portatil-con-carga-inalambrica-10000-mah-apto-para-aviones.jpg,https://f.fcdn.app/imgs/41404f/www.gstop.uy/gameuy/8b83/webp/catalogo/63782_63782_3/1024-1024/bateria-portatil-con-carga-inalambrica-10000-mah-apto-para-aviones-bateria-portatil-con-carga-inalambrica-10000-mah-apto-para-aviones.jpg,https://f.fcdn.app/imgs/3b549b/www.gstop.uy/gameuy/1dec/webp/catalogo/63782_63782_4/1024-1024/bateria-portatil-con-carga-inalambrica-10000-mah-apto-para-aviones-bateria-portatil-con-carga-inalambrica-10000-mah-apto-para-aviones.jpg,https://f.fcdn.app/imgs/517ca2/www.gstop.uy/gameuy/3d90/webp/catalogo/63782_63782_5/1024-1024/bateria-portatil-con-carga-inalambrica-10000-mah-apto-para-aviones-bateria-portatil-con-carga-inalambrica-10000-mah-apto-para-aviones.jpg
63784,,https://f.fcdn.app/imgs/4ef4c6/www.gstop.uy/gameuy/3fee/webp/catalogo/63784_63784_1/1024-1024/camara-de-vigilancia-full-hd-3mp-con-detector-de-movimiento-parlante-y-microfono-camara-de-vigilancia-full-hd-3mp-con-detector-de-movimiento-parlante-y-microfono.jpg,https://f.fcdn.app/imgs/09d58e/www.gstop.uy/gameuy/5ea0/webp/catalogo/63784_63784_2/1024-1024/camara-de-vigilancia-full-hd-3mp-con-detector-de-movimiento-parlante-y-microfono-camara-de-vigilancia-full-hd-3mp-con-detector-de-movimiento-parlante-y-microfono.jpg,https://f.fcdn.app/imgs/c09147/www.gstop.uy/gameuy/d6a3/webp/catalogo/63784_63784_3/1024-1024/camara-de-vigilancia-full-hd-3mp-con-detector-de-movimiento-parlante-y-microfono-camara-de-vigilancia-full-hd-3mp-con-detector-de-movimiento-parlante-y-microfono.jpg,https://f.fcdn.app/imgs/21f7dc/www.gstop.uy/gameuy/2d47/webp/catalogo/63784_63784_4/1024-1024/camara-de-vigilancia-full-hd-3mp-con-detector-de-movimiento-parlante-y-microfono-camara-de-vigilancia-full-hd-3mp-con-detector-de-movimiento-parlante-y-microfono.jpg,https://f.fcdn.app/imgs/5ae733/www.gstop.uy/gameuy/f6ac/webp/catalogo/63784_63784_5/1024-1024/camara-de-vigilancia-full-hd-3mp-con-detector-de-movimiento-parlante-y-microfono-camara-de-vigilancia-full-hd-3mp-con-detector-de-movimiento-parlante-y-microfono.jpg
63785,,https://f.fcdn.app/imgs/c788f1/www.gstop.uy/gameuy/3dcb/webp/catalogo/63785_63785_1/1024-1024/camara-de-vigilancia-con-deteccion-de-movimiento-microfono-y-parlante-full-hd-camara-de-vigilancia-con-deteccion-de-movimiento-microfono-y-parlante-full-hd.jpg,https://f.fcdn.app/imgs/4407b9/www.gstop.uy/gameuy/1125/webp/catalogo/63785_63785_2/1024-1024/camara-de-vigilancia-con-deteccion-de-movimiento-microfono-y-parlante-full-hd-camara-de-vigilancia-con-deteccion-de-movimiento-microfono-y-parlante-full-hd.jpg,https://f.fcdn.app/imgs/50cd26/www.gstop.uy/gameuy/9dca/webp/catalogo/63785_63785_3/1024-1024/camara-de-vigilancia-con-deteccion-de-movimiento-microfono-y-parlante-full-hd-camara-de-vigilancia-con-deteccion-de-movimiento-microfono-y-parlante-full-hd.jpg,https://f.fcdn.app/imgs/a4e527/www.gstop.uy/gameuy/2204/webp/catalogo/63785_63785_4/1024-1024/camara-de-vigilancia-con-deteccion-de-movimiento-microfono-y-parlante-full-hd-camara-de-vigilancia-con-deteccion-de-movimiento-microfono-y-parlante-full-hd.jpg,
63790,,https://f.fcdn.app/imgs/76a172/www.gstop.uy/gameuy/eb09/webp/catalogo/63790_63790_1/1024-1024/reloj-smartwatch-kieslect-xiaomi-ks-negro-reloj-smartwatch-kieslect-xiaomi-ks-negro.jpg,https://f.fcdn.app/imgs/7c0426/www.gstop.uy/gameuy/3878/webp/catalogo/63790_63790_2/1024-1024/reloj-smartwatch-kieslect-xiaomi-ks-negro-reloj-smartwatch-kieslect-xiaomi-ks-negro.jpg,https://f.fcdn.app/imgs/479234/www.gstop.uy/gameuy/8dd9/webp/catalogo/63790_63790_3/1024-1024/reloj-smartwatch-kieslect-xiaomi-ks-negro-reloj-smartwatch-kieslect-xiaomi-ks-negro.jpg,https://f.fcdn.app/imgs/3bef28/www.gstop.uy/gameuy/90ed/webp/catalogo/63790_63790_4/1024-1024/reloj-smartwatch-kieslect-xiaomi-ks-negro-reloj-smartwatch-kieslect-xiaomi-ks-negro.jpg,https://f.fcdn.app/imgs/c56154/www.gstop.uy/gameuy/acc8/webp/catalogo/63790_63790_5/1024-1024/reloj-smartwatch-kieslect-xiaomi-ks-negro-reloj-smartwatch-kieslect-xiaomi-ks-negro.jpg
63791,,https://f.fcdn.app/imgs/9a7b94/www.gstop.uy/gameuy/8c24/webp/catalogo/63791_63791_1/1024-1024/reloj-smartwatch-kieslect-xiaomi-lora-rosado-reloj-smartwatch-kieslect-xiaomi-lora-rosado.jpg,https://f.fcdn.app/imgs/e368cc/www.gstop.uy/gameuy/8140/webp/catalogo/63791_63791_2/1024-1024/reloj-smartwatch-kieslect-xiaomi-lora-rosado-reloj-smartwatch-kieslect-xiaomi-lora-rosado.jpg,https://f.fcdn.app/imgs/01cafc/www.gstop.uy/gameuy/de43/webp/catalogo/63791_63791_3/1024-1024/reloj-smartwatch-kieslect-xiaomi-lora-rosado-reloj-smartwatch-kieslect-xiaomi-lora-rosado.jpg,https://f.fcdn.app/imgs/91cc3e/www.gstop.uy/gameuy/355f/webp/catalogo/63791_63791_4/1024-1024/reloj-smartwatch-kieslect-xiaomi-lora-rosado-reloj-smartwatch-kieslect-xiaomi-lora-rosado.jpg,https://f.fcdn.app/imgs/ff1c2f/www.gstop.uy/gameuy/7ccf/webp/catalogo/63791_63791_5/1024-1024/reloj-smartwatch-kieslect-xiaomi-lora-rosado-reloj-smartwatch-kieslect-xiaomi-lora-rosado.jpg
63792,,https://f.fcdn.app/imgs/9a3f95/www.gstop.uy/gameuy/b363/webp/catalogo/63792_63792_1/1024-1024/reloj-smartwatch-kieslect-xiaomi-lora-dorado-reloj-smartwatch-kieslect-xiaomi-lora-dorado.jpg,https://f.fcdn.app/imgs/0963b2/www.gstop.uy/gameuy/5240/webp/catalogo/63792_63792_2/1024-1024/reloj-smartwatch-kieslect-xiaomi-lora-dorado-reloj-smartwatch-kieslect-xiaomi-lora-dorado.jpg,https://f.fcdn.app/imgs/f9e0f2/www.gstop.uy/gameuy/a596/webp/catalogo/63792_63792_3/1024-1024/reloj-smartwatch-kieslect-xiaomi-lora-dorado-reloj-smartwatch-kieslect-xiaomi-lora-dorado.jpg,https://f.fcdn.app/imgs/fe1878/www.gstop.uy/gameuy/514f/webp/catalogo/63792_63792_4/1024-1024/reloj-smartwatch-kieslect-xiaomi-lora-dorado-reloj-smartwatch-kieslect-xiaomi-lora-dorado.jpg,https://f.fcdn.app/imgs/3b051d/www.gstop.uy/gameuy/566b/webp/catalogo/63792_63792_5/1024-1024/reloj-smartwatch-kieslect-xiaomi-lora-dorado-reloj-smartwatch-kieslect-xiaomi-lora-dorado.jpg
63809,,https://f.fcdn.app/imgs/bd08ce/www.gstop.uy/gameuy/bcef/webp/catalogo/63809_63809_1/1024-1024/cargador-rapido-25w-usb-tipo-c-cargador-rapido-25w-usb-tipo-c.jpg,,,,
63810,,https://f.fcdn.app/imgs/db3e15/www.gstop.uy/gameuy/ab8c/webp/catalogo/63810_63810_1/1024-1024/cargador-rapido-25w-usb-a-y-usb-tipo-c-cargador-rapido-25w-usb-a-y-usb-tipo-c.jpg,,,,
63818,,https://f.fcdn.app/imgs/094105/www.gstop.uy/gameuy/f096/webp/catalogo/63818_63818_1/1024-1024/adaptador-wifi-5-ghz-usb-con-antena-de-alta-velocidad-doble-banda-adaptador-wifi-5-ghz-usb-con-antena-de-alta-velocidad-doble-banda.jpg,https://f.fcdn.app/imgs/be4988/www.gstop.uy/gameuy/3333/webp/catalogo/63818_63818_2/1024-1024/adaptador-wifi-5-ghz-usb-con-antena-de-alta-velocidad-doble-banda-adaptador-wifi-5-ghz-usb-con-antena-de-alta-velocidad-doble-banda.jpg,https://f.fcdn.app/imgs/620fdc/www.gstop.uy/gameuy/a5a9/webp/catalogo/63818_63818_3/1024-1024/adaptador-wifi-5-ghz-usb-con-antena-de-alta-velocidad-doble-banda-adaptador-wifi-5-ghz-usb-con-antena-de-alta-velocidad-doble-banda.jpg,https://f.fcdn.app/imgs/62ec59/www.gstop.uy/gameuy/0d9b/webp/catalogo/63818_63818_4/1024-1024/adaptador-wifi-5-ghz-usb-con-antena-de-alta-velocidad-doble-banda-adaptador-wifi-5-ghz-usb-con-antena-de-alta-velocidad-doble-banda.jpg,https://f.fcdn.app/imgs/e892a4/www.gstop.uy/gameuy/fc41/webp/catalogo/63818_63818_5/1024-1024/adaptador-wifi-5-ghz-usb-con-antena-de-alta-velocidad-doble-banda-adaptador-wifi-5-ghz-usb-con-antena-de-alta-velocidad-doble-banda.jpg
63827,,https://f.fcdn.app/imgs/7dc535/www.gstop.uy/gameuy/94e7/webp/catalogo/63827_63827_1/1024-1024/celular-multilaser-p9158-4g-6-5-4gb-128gb-negro-celular-multilaser-p9158-4g-6-5-4gb-128gb-negro.jpg,https://f.fcdn.app/imgs/612a74/www.gstop.uy/gameuy/4701/webp/catalogo/63827_63827_2/1024-1024/celular-multilaser-p9158-4g-6-5-4gb-128gb-negro-celular-multilaser-p9158-4g-6-5-4gb-128gb-negro.jpg,https://f.fcdn.app/imgs/3340b4/www.gstop.uy/gameuy/1955/webp/catalogo/63827_63827_3/1024-1024/celular-multilaser-p9158-4g-6-5-4gb-128gb-negro-celular-multilaser-p9158-4g-6-5-4gb-128gb-negro.jpg,,
63828,,https://f.fcdn.app/imgs/3301f3/www.gstop.uy/gameuy/419c/webp/catalogo/63828_63828_1/1024-1024/despertador-y-radio-am-fm-con-pantalla-digital-despertador-y-radio-am-fm-con-pantalla-digital.jpg,https://f.fcdn.app/imgs/075e35/www.gstop.uy/gameuy/3622/webp/catalogo/63828_63828_2/1024-1024/despertador-y-radio-am-fm-con-pantalla-digital-despertador-y-radio-am-fm-con-pantalla-digital.jpg,https://f.fcdn.app/imgs/f1c1c4/www.gstop.uy/gameuy/4c79/webp/catalogo/63828_63828_3/1024-1024/despertador-y-radio-am-fm-con-pantalla-digital-despertador-y-radio-am-fm-con-pantalla-digital.jpg,https://f.fcdn.app/imgs/e792e7/www.gstop.uy/gameuy/aca0/webp/catalogo/63828_63828_4/1024-1024/despertador-y-radio-am-fm-con-pantalla-digital-despertador-y-radio-am-fm-con-pantalla-digital.jpg,https://f.fcdn.app/imgs/d4ad5d/www.gstop.uy/gameuy/db3d/webp/catalogo/63828_63828_5/1024-1024/despertador-y-radio-am-fm-con-pantalla-digital-despertador-y-radio-am-fm-con-pantalla-digital.jpg
63829,,https://f.fcdn.app/imgs/cc5fe3/www.gstop.uy/gameuy/921b/webp/catalogo/63829_63829_1/1024-1024/despertador-y-radio-am-fm-con-pantalla-digital-906-despertador-y-radio-am-fm-con-pantalla-digital-906.jpg,https://f.fcdn.app/imgs/357ff8/www.gstop.uy/gameuy/4072/webp/catalogo/63829_63829_2/1024-1024/despertador-y-radio-am-fm-con-pantalla-digital-906-despertador-y-radio-am-fm-con-pantalla-digital-906.jpg,https://f.fcdn.app/imgs/6b77a7/www.gstop.uy/gameuy/7042/webp/catalogo/63829_63829_3/1024-1024/despertador-y-radio-am-fm-con-pantalla-digital-906-despertador-y-radio-am-fm-con-pantalla-digital-906.jpg,https://f.fcdn.app/imgs/7c1a49/www.gstop.uy/gameuy/090c/webp/catalogo/63829_63829_4/1024-1024/despertador-y-radio-am-fm-con-pantalla-digital-906-despertador-y-radio-am-fm-con-pantalla-digital-906.jpg,
63832,,https://f.fcdn.app/imgs/15bae5/www.gstop.uy/gameuy/59fe/webp/catalogo/63832_63832_1/1024-1024/auricular-bluetooth-inalambrico-y80-auricular-bluetooth-inalambrico-y80.jpg,https://f.fcdn.app/imgs/145d83/www.gstop.uy/gameuy/bfd4/webp/catalogo/63832_63832_2/1024-1024/auricular-bluetooth-inalambrico-y80-auricular-bluetooth-inalambrico-y80.jpg,https://f.fcdn.app/imgs/0afc10/www.gstop.uy/gameuy/3acd/webp/catalogo/63832_63832_3/1024-1024/auricular-bluetooth-inalambrico-y80-auricular-bluetooth-inalambrico-y80.jpg,https://f.fcdn.app/imgs/c98e17/www.gstop.uy/gameuy/5deb/webp/catalogo/63832_63832_4/1024-1024/auricular-bluetooth-inalambrico-y80-auricular-bluetooth-inalambrico-y80.jpg,
63833,,https://f.fcdn.app/imgs/b06461/www.gstop.uy/gameuy/a7f4/webp/catalogo/63833_63833_1/1024-1024/camara-deportiva-4k-resistente-y-a-prueba-de-agua-tipo-go-pro-camara-deportiva-4k-resistente-y-a-prueba-de-agua-tipo-go-pro.jpg,https://f.fcdn.app/imgs/b10df3/www.gstop.uy/gameuy/5ee2/webp/catalogo/63833_63833_2/1024-1024/camara-deportiva-4k-resistente-y-a-prueba-de-agua-tipo-go-pro-camara-deportiva-4k-resistente-y-a-prueba-de-agua-tipo-go-pro.jpg,https://f.fcdn.app/imgs/1b2b1f/www.gstop.uy/gameuy/756b/webp/catalogo/63833_63833_3/1024-1024/camara-deportiva-4k-resistente-y-a-prueba-de-agua-tipo-go-pro-camara-deportiva-4k-resistente-y-a-prueba-de-agua-tipo-go-pro.jpg,https://f.fcdn.app/imgs/cf289c/www.gstop.uy/gameuy/5296/webp/catalogo/63833_63833_4/1024-1024/camara-deportiva-4k-resistente-y-a-prueba-de-agua-tipo-go-pro-camara-deportiva-4k-resistente-y-a-prueba-de-agua-tipo-go-pro.jpg,
63834,,https://f.fcdn.app/imgs/fe7e7a/www.gstop.uy/gameuy/a237/webp/catalogo/63834_63834_1/1024-1024/cargador-para-celulares-doble-puerto-usb-premium-100v-a-240v-c88a-cargador-para-celulares-doble-puerto-usb-premium-100v-a-240v-c88a.jpg,https://f.fcdn.app/imgs/d672de/www.gstop.uy/gameuy/32f5/webp/catalogo/63834_63834_2/1024-1024/cargador-para-celulares-doble-puerto-usb-premium-100v-a-240v-c88a-cargador-para-celulares-doble-puerto-usb-premium-100v-a-240v-c88a.jpg,https://f.fcdn.app/imgs/4d5c79/www.gstop.uy/gameuy/b22c/webp/catalogo/63834_63834_3/1024-1024/cargador-para-celulares-doble-puerto-usb-premium-100v-a-240v-c88a-cargador-para-celulares-doble-puerto-usb-premium-100v-a-240v-c88a.jpg,https://f.fcdn.app/imgs/70d903/www.gstop.uy/gameuy/2077/webp/catalogo/63834_63834_4/1024-1024/cargador-para-celulares-doble-puerto-usb-premium-100v-a-240v-c88a-cargador-para-celulares-doble-puerto-usb-premium-100v-a-240v-c88a.jpg,
63841,,https://f.fcdn.app/imgs/82cd30/www.gstop.uy/gameuy/2e88/webp/catalogo/63841_63841_1/1024-1024/mouse-gamer-inalambrico-con-luces-7-botones-ergonomico-gw-600-mouse-gamer-inalambrico-con-luces-7-botones-ergonomico-gw-600.jpg,https://f.fcdn.app/imgs/2609e4/www.gstop.uy/gameuy/a2de/webp/catalogo/63841_63841_2/1024-1024/mouse-gamer-inalambrico-con-luces-7-botones-ergonomico-gw-600-mouse-gamer-inalambrico-con-luces-7-botones-ergonomico-gw-600.jpg,https://f.fcdn.app/imgs/bb1ba5/www.gstop.uy/gameuy/c632/webp/catalogo/63841_63841_3/1024-1024/mouse-gamer-inalambrico-con-luces-7-botones-ergonomico-gw-600-mouse-gamer-inalambrico-con-luces-7-botones-ergonomico-gw-600.jpg,https://f.fcdn.app/imgs/abf051/www.gstop.uy/gameuy/00cd/webp/catalogo/63841_63841_4/1024-1024/mouse-gamer-inalambrico-con-luces-7-botones-ergonomico-gw-600-mouse-gamer-inalambrico-con-luces-7-botones-ergonomico-gw-600.jpg,
63848,,https://f.fcdn.app/imgs/e90365/www.gstop.uy/gameuy/ed3f/webp/catalogo/63848_63848_1/1024-1024/tablet-infantil-10-con-protector-32gb-2gb-chip-liberado-3g-tablet-infantil-10-con-protector-32gb-2gb-chip-liberado-3g.jpg,https://f.fcdn.app/imgs/414f29/www.gstop.uy/gameuy/0fca/webp/catalogo/63848_63848_2/1024-1024/tablet-infantil-10-con-protector-32gb-2gb-chip-liberado-3g-tablet-infantil-10-con-protector-32gb-2gb-chip-liberado-3g.jpg,https://f.fcdn.app/imgs/883c65/www.gstop.uy/gameuy/5acb/webp/catalogo/63848_63848_3/1024-1024/tablet-infantil-10-con-protector-32gb-2gb-chip-liberado-3g-tablet-infantil-10-con-protector-32gb-2gb-chip-liberado-3g.jpg,https://f.fcdn.app/imgs/529ad2/www.gstop.uy/gameuy/303a/webp/catalogo/63848_63848_4/1024-1024/tablet-infantil-10-con-protector-32gb-2gb-chip-liberado-3g-tablet-infantil-10-con-protector-32gb-2gb-chip-liberado-3g.jpg,https://f.fcdn.app/imgs/c4d3d0/www.gstop.uy/gameuy/c277/webp/catalogo/63848_63848_5/1024-1024/tablet-infantil-10-con-protector-32gb-2gb-chip-liberado-3g-tablet-infantil-10-con-protector-32gb-2gb-chip-liberado-3g.jpg
63850,,https://f.fcdn.app/imgs/aefc24/www.gstop.uy/gameuy/2790/webp/catalogo/63850_63850_1/1024-1024/tv-box-goldtech-4gb-ram-32-gb-rom-4k-dual-wifi-tv-box-goldtech-4gb-ram-32-gb-rom-4k-dual-wifi.jpg,https://f.fcdn.app/imgs/a933f8/www.gstop.uy/gameuy/4357/webp/catalogo/63850_63850_2/1024-1024/tv-box-goldtech-4gb-ram-32-gb-rom-4k-dual-wifi-tv-box-goldtech-4gb-ram-32-gb-rom-4k-dual-wifi.jpg,https://f.fcdn.app/imgs/8becad/www.gstop.uy/gameuy/4a88/webp/catalogo/63850_63850_3/1024-1024/tv-box-goldtech-4gb-ram-32-gb-rom-4k-dual-wifi-tv-box-goldtech-4gb-ram-32-gb-rom-4k-dual-wifi.jpg,,
63856,,https://f.fcdn.app/imgs/bca870/www.gstop.uy/gameuy/6dc2/webp/catalogo/63856_63856_1/1024-1024/auricular-inalambrico-con-carga-inalambrica-y-display-auricular-inalambrico-con-carga-inalambrica-y-display.jpg,https://f.fcdn.app/imgs/018113/www.gstop.uy/gameuy/d034/webp/catalogo/63856_63856_2/1024-1024/auricular-inalambrico-con-carga-inalambrica-y-display-auricular-inalambrico-con-carga-inalambrica-y-display.jpg,https://f.fcdn.app/imgs/63aab6/www.gstop.uy/gameuy/bb0f/webp/catalogo/63856_63856_3/1024-1024/auricular-inalambrico-con-carga-inalambrica-y-display-auricular-inalambrico-con-carga-inalambrica-y-display.jpg,https://f.fcdn.app/imgs/c4843e/www.gstop.uy/gameuy/ee3c/webp/catalogo/63856_63856_4/1024-1024/auricular-inalambrico-con-carga-inalambrica-y-display-auricular-inalambrico-con-carga-inalambrica-y-display.jpg,https://f.fcdn.app/imgs/6913c5/www.gstop.uy/gameuy/9df8/webp/catalogo/63856_63856_5/1024-1024/auricular-inalambrico-con-carga-inalambrica-y-display-auricular-inalambrico-con-carga-inalambrica-y-display.jpg
63858,,https://f.fcdn.app/imgs/29d14b/www.gstop.uy/gameuy/ba92/webp/catalogo/63858_63858_1/1024-1024/adaptador-otg-tipo-c-hoco-3-0-adaptador-otg-tipo-c-hoco-3-0.jpg,https://f.fcdn.app/imgs/7858f1/www.gstop.uy/gameuy/5992/webp/catalogo/63858_63858_2/1024-1024/adaptador-otg-tipo-c-hoco-3-0-adaptador-otg-tipo-c-hoco-3-0.jpg,https://f.fcdn.app/imgs/b69bfc/www.gstop.uy/gameuy/649e/webp/catalogo/63858_63858_3/1024-1024/adaptador-otg-tipo-c-hoco-3-0-adaptador-otg-tipo-c-hoco-3-0.jpg,,
63865,,https://f.fcdn.app/imgs/543012/www.gstop.uy/gameuy/8def/webp/catalogo/63865_63865_1/1024-1024/balanza-digital-con-bluetooth-con-medicion-de-grasa-y-masa-muscular-balanza-digital-con-bluetooth-con-medicion-de-grasa-y-masa-muscular.jpg,https://f.fcdn.app/imgs/5aed7a/www.gstop.uy/gameuy/c08d/webp/catalogo/63865_63865_2/1024-1024/balanza-digital-con-bluetooth-con-medicion-de-grasa-y-masa-muscular-balanza-digital-con-bluetooth-con-medicion-de-grasa-y-masa-muscular.jpg,https://f.fcdn.app/imgs/63d2a7/www.gstop.uy/gameuy/b8fc/webp/catalogo/63865_63865_3/1024-1024/balanza-digital-con-bluetooth-con-medicion-de-grasa-y-masa-muscular-balanza-digital-con-bluetooth-con-medicion-de-grasa-y-masa-muscular.jpg,https://f.fcdn.app/imgs/23e02f/www.gstop.uy/gameuy/821a/webp/catalogo/63865_63865_4/1024-1024/balanza-digital-con-bluetooth-con-medicion-de-grasa-y-masa-muscular-balanza-digital-con-bluetooth-con-medicion-de-grasa-y-masa-muscular.jpg,
63868,,https://f.fcdn.app/imgs/3e6d4f/www.gstop.uy/gameuy/3de8/webp/catalogo/63868_63868_1/1024-1024/rasuradora-htc-gt-623-recargable-inalambrica-rasuradora-htc-gt-623-recargable-inalambrica.jpg,https://f.fcdn.app/imgs/52e872/www.gstop.uy/gameuy/4714/webp/catalogo/63868_63868_2/1024-1024/rasuradora-htc-gt-623-recargable-inalambrica-rasuradora-htc-gt-623-recargable-inalambrica.jpg,https://f.fcdn.app/imgs/791098/www.gstop.uy/gameuy/2551/webp/catalogo/63868_63868_3/1024-1024/rasuradora-htc-gt-623-recargable-inalambrica-rasuradora-htc-gt-623-recargable-inalambrica.jpg,https://f.fcdn.app/imgs/174814/www.gstop.uy/gameuy/c8c5/webp/catalogo/63868_63868_4/1024-1024/rasuradora-htc-gt-623-recargable-inalambrica-rasuradora-htc-gt-623-recargable-inalambrica.jpg,https://f.fcdn.app/imgs/db2b04/www.gstop.uy/gameuy/92cb/webp/catalogo/63868_63868_5/1024-1024/rasuradora-htc-gt-623-recargable-inalambrica-rasuradora-htc-gt-623-recargable-inalambrica.jpg
63869,,https://f.fcdn.app/imgs/7ca438/www.gstop.uy/gameuy/d486/webp/catalogo/63869_63869_1/1024-1024/smartwatch-imilab-by-xiaomi-w010-smartwatch-imilab-by-xiaomi-w010.jpg,https://f.fcdn.app/imgs/7db4a0/www.gstop.uy/gameuy/5248/webp/catalogo/63869_63869_2/1024-1024/smartwatch-imilab-by-xiaomi-w010-smartwatch-imilab-by-xiaomi-w010.jpg,https://f.fcdn.app/imgs/8de98d/www.gstop.uy/gameuy/a5aa/webp/catalogo/63869_63869_3/1024-1024/smartwatch-imilab-by-xiaomi-w010-smartwatch-imilab-by-xiaomi-w010.jpg,https://f.fcdn.app/imgs/7cfac8/www.gstop.uy/gameuy/3987/webp/catalogo/63869_63869_4/1024-1024/smartwatch-imilab-by-xiaomi-w010-smartwatch-imilab-by-xiaomi-w010.jpg,https://f.fcdn.app/imgs/e26b91/www.gstop.uy/gameuy/be02/webp/catalogo/63869_63869_5/1024-1024/smartwatch-imilab-by-xiaomi-w010-smartwatch-imilab-by-xiaomi-w010.jpg
63870,,https://f.fcdn.app/imgs/be08cb/www.gstop.uy/gameuy/4529/webp/catalogo/63870_63870_1/1024-1024/mini-proyector-portatil-hd-mini-proyector-portatil-hd.jpg,https://f.fcdn.app/imgs/9635dd/www.gstop.uy/gameuy/f6f3/webp/catalogo/63870_63870_2/1024-1024/mini-proyector-portatil-hd-mini-proyector-portatil-hd.jpg,https://f.fcdn.app/imgs/008745/www.gstop.uy/gameuy/16fb/webp/catalogo/63870_63870_3/1024-1024/mini-proyector-portatil-hd-mini-proyector-portatil-hd.jpg,https://f.fcdn.app/imgs/201f85/www.gstop.uy/gameuy/4a82/webp/catalogo/63870_63870_4/1024-1024/mini-proyector-portatil-hd-mini-proyector-portatil-hd.jpg,https://f.fcdn.app/imgs/adbead/www.gstop.uy/gameuy/cb28/webp/catalogo/63870_63870_5/1024-1024/mini-proyector-portatil-hd-mini-proyector-portatil-hd.jpg
63875,,https://f.fcdn.app/imgs/483535/www.gstop.uy/gameuy/3857/webp/catalogo/63875_63875_1/1024-1024/mouse-vertical-inalambrico-genius-8250s-mouse-vertical-inalambrico-genius-8250s.jpg,https://f.fcdn.app/imgs/97b760/www.gstop.uy/gameuy/4cb0/webp/catalogo/63875_63875_2/1024-1024/mouse-vertical-inalambrico-genius-8250s-mouse-vertical-inalambrico-genius-8250s.jpg,https://f.fcdn.app/imgs/7ab480/www.gstop.uy/gameuy/cf84/webp/catalogo/63875_63875_3/1024-1024/mouse-vertical-inalambrico-genius-8250s-mouse-vertical-inalambrico-genius-8250s.jpg,,
63876,,https://f.fcdn.app/imgs/bb4825/www.gstop.uy/gameuy/c0b9/webp/catalogo/63876_63876_1/1024-1024/mouse-gamer-genius-x1-400-mouse-gamer-genius-x1-400.jpg,https://f.fcdn.app/imgs/47945f/www.gstop.uy/gameuy/097c/webp/catalogo/63876_63876_2/1024-1024/mouse-gamer-genius-x1-400-mouse-gamer-genius-x1-400.jpg,https://f.fcdn.app/imgs/7733cf/www.gstop.uy/gameuy/7af4/webp/catalogo/63876_63876_3/1024-1024/mouse-gamer-genius-x1-400-mouse-gamer-genius-x1-400.jpg,https://f.fcdn.app/imgs/ac66c2/www.gstop.uy/gameuy/e780/webp/catalogo/63876_63876_4/1024-1024/mouse-gamer-genius-x1-400-mouse-gamer-genius-x1-400.jpg,
63878,,https://f.fcdn.app/imgs/7b62c3/www.gstop.uy/gameuy/9ef2/webp/catalogo/63878_63878_1/1024-1024/mouse-gamer-genius-x-g600-mouse-gamer-genius-x-g600.jpg,https://f.fcdn.app/imgs/6d393c/www.gstop.uy/gameuy/2596/webp/catalogo/63878_63878_2/1024-1024/mouse-gamer-genius-x-g600-mouse-gamer-genius-x-g600.jpg,https://f.fcdn.app/imgs/1c6113/www.gstop.uy/gameuy/8919/webp/catalogo/63878_63878_3/1024-1024/mouse-gamer-genius-x-g600-mouse-gamer-genius-x-g600.jpg,https://f.fcdn.app/imgs/02371a/www.gstop.uy/gameuy/1e60/webp/catalogo/63878_63878_4/1024-1024/mouse-gamer-genius-x-g600-mouse-gamer-genius-x-g600.jpg,
63882,,https://f.fcdn.app/imgs/881687/www.gstop.uy/gameuy/24e9/webp/catalogo/63882_63882_1/1024-1024/auricular-inalambrico-con-microfono-y-base-de-carga-auricular-inalambrico-con-microfono-y-base-de-carga.jpg,https://f.fcdn.app/imgs/f33eba/www.gstop.uy/gameuy/5ef0/webp/catalogo/63882_63882_2/1024-1024/auricular-inalambrico-con-microfono-y-base-de-carga-auricular-inalambrico-con-microfono-y-base-de-carga.jpg,https://f.fcdn.app/imgs/d4c588/www.gstop.uy/gameuy/86dc/webp/catalogo/63882_63882_3/1024-1024/auricular-inalambrico-con-microfono-y-base-de-carga-auricular-inalambrico-con-microfono-y-base-de-carga.jpg,https://f.fcdn.app/imgs/c658b1/www.gstop.uy/gameuy/e6bf/webp/catalogo/63882_63882_4/1024-1024/auricular-inalambrico-con-microfono-y-base-de-carga-auricular-inalambrico-con-microfono-y-base-de-carga.jpg,https://f.fcdn.app/imgs/ff085b/www.gstop.uy/gameuy/3cf6/webp/catalogo/63882_63882_5/1024-1024/auricular-inalambrico-con-microfono-y-base-de-carga-auricular-inalambrico-con-microfono-y-base-de-carga.jpg
63883,,https://f.fcdn.app/imgs/41da62/www.gstop.uy/gameuy/7e44/webp/catalogo/63883_63883_1/1024-1024/auricular-inalambrico-con-microfono-y-base-de-carga-pro70-auricular-inalambrico-con-microfono-y-base-de-carga-pro70.jpg,https://f.fcdn.app/imgs/1a4998/www.gstop.uy/gameuy/c62d/webp/catalogo/63883_63883_2/1024-1024/auricular-inalambrico-con-microfono-y-base-de-carga-pro70-auricular-inalambrico-con-microfono-y-base-de-carga-pro70.jpg,https://f.fcdn.app/imgs/08cced/www.gstop.uy/gameuy/b658/webp/catalogo/63883_63883_3/1024-1024/auricular-inalambrico-con-microfono-y-base-de-carga-pro70-auricular-inalambrico-con-microfono-y-base-de-carga-pro70.jpg,https://f.fcdn.app/imgs/5e31ed/www.gstop.uy/gameuy/f20e/webp/catalogo/63883_63883_4/1024-1024/auricular-inalambrico-con-microfono-y-base-de-carga-pro70-auricular-inalambrico-con-microfono-y-base-de-carga-pro70.jpg,https://f.fcdn.app/imgs/720855/www.gstop.uy/gameuy/43ca/webp/catalogo/63883_63883_5/1024-1024/auricular-inalambrico-con-microfono-y-base-de-carga-pro70-auricular-inalambrico-con-microfono-y-base-de-carga-pro70.jpg
63884,,https://f.fcdn.app/imgs/0a53f2/www.gstop.uy/gameuy/a08b/webp/catalogo/63884_63884_1/1024-1024/stick-tv-box-4k-ultra-hd-tv-box-2gb-ram-16gb-rom-stick-tv-box-4k-ultra-hd-tv-box-2gb-ram-16gb-rom.jpg,https://f.fcdn.app/imgs/1df39a/www.gstop.uy/gameuy/34f3/webp/catalogo/63884_63884_2/1024-1024/stick-tv-box-4k-ultra-hd-tv-box-2gb-ram-16gb-rom-stick-tv-box-4k-ultra-hd-tv-box-2gb-ram-16gb-rom.jpg,https://f.fcdn.app/imgs/117103/www.gstop.uy/gameuy/fa25/webp/catalogo/63884_63884_3/1024-1024/stick-tv-box-4k-ultra-hd-tv-box-2gb-ram-16gb-rom-stick-tv-box-4k-ultra-hd-tv-box-2gb-ram-16gb-rom.jpg,,
63885,,https://f.fcdn.app/imgs/b0e1f2/www.gstop.uy/gameuy/05f1/webp/catalogo/63885_63885_1/1024-1024/auricular-inalambrico-con-microfono-y-funcion-power-bank-auricular-inalambrico-con-microfono-y-funcion-power-bank.jpg,https://f.fcdn.app/imgs/4e467b/www.gstop.uy/gameuy/4abb/webp/catalogo/63885_63885_2/1024-1024/auricular-inalambrico-con-microfono-y-funcion-power-bank-auricular-inalambrico-con-microfono-y-funcion-power-bank.jpg,https://f.fcdn.app/imgs/30c158/www.gstop.uy/gameuy/290d/webp/catalogo/63885_63885_3/1024-1024/auricular-inalambrico-con-microfono-y-funcion-power-bank-auricular-inalambrico-con-microfono-y-funcion-power-bank.jpg,https://f.fcdn.app/imgs/8d97ee/www.gstop.uy/gameuy/f66b/webp/catalogo/63885_63885_4/1024-1024/auricular-inalambrico-con-microfono-y-funcion-power-bank-auricular-inalambrico-con-microfono-y-funcion-power-bank.jpg,https://f.fcdn.app/imgs/a7b3e2/www.gstop.uy/gameuy/3d3b/webp/catalogo/63885_63885_5/1024-1024/auricular-inalambrico-con-microfono-y-funcion-power-bank-auricular-inalambrico-con-microfono-y-funcion-power-bank.jpg
63889,,https://f.fcdn.app/imgs/5c5d64/www.gstop.uy/gameuy/2b42/webp/catalogo/63889_63889_1/1024-1024/auricular-jbl-wave-buds-truly-negro-o-blanco-auricular-jbl-wave-buds-truly-negro-o-blanco.jpg,https://f.fcdn.app/imgs/4b29e4/www.gstop.uy/gameuy/b365/webp/catalogo/63889_63889_2/1024-1024/auricular-jbl-wave-buds-truly-negro-o-blanco-auricular-jbl-wave-buds-truly-negro-o-blanco.jpg,https://f.fcdn.app/imgs/1f68b8/www.gstop.uy/gameuy/51a0/webp/catalogo/63889_63889_3/1024-1024/auricular-jbl-wave-buds-truly-negro-o-blanco-auricular-jbl-wave-buds-truly-negro-o-blanco.jpg,https://f.fcdn.app/imgs/b8c022/www.gstop.uy/gameuy/2040/webp/catalogo/63889_63889_4/1024-1024/auricular-jbl-wave-buds-truly-negro-o-blanco-auricular-jbl-wave-buds-truly-negro-o-blanco.jpg,https://f.fcdn.app/imgs/25b35f/www.gstop.uy/gameuy/d5ee/webp/catalogo/63889_63889_5/1024-1024/auricular-jbl-wave-buds-truly-negro-o-blanco-auricular-jbl-wave-buds-truly-negro-o-blanco.jpg
63890,,https://f.fcdn.app/imgs/921dbb/www.gstop.uy/gameuy/a9db/webp/catalogo/63890_63890_1/1024-1024/auricular-jbl-wave-flex-32-hrs-negro-o-blanco-auricular-jbl-wave-flex-32-hrs-negro-o-blanco.jpg,https://f.fcdn.app/imgs/dea141/www.gstop.uy/gameuy/8267/webp/catalogo/63890_63890_2/1024-1024/auricular-jbl-wave-flex-32-hrs-negro-o-blanco-auricular-jbl-wave-flex-32-hrs-negro-o-blanco.jpg,https://f.fcdn.app/imgs/304c1b/www.gstop.uy/gameuy/d4f9/webp/catalogo/63890_63890_3/1024-1024/auricular-jbl-wave-flex-32-hrs-negro-o-blanco-auricular-jbl-wave-flex-32-hrs-negro-o-blanco.jpg,https://f.fcdn.app/imgs/813a77/www.gstop.uy/gameuy/2113/webp/catalogo/63890_63890_4/1024-1024/auricular-jbl-wave-flex-32-hrs-negro-o-blanco-auricular-jbl-wave-flex-32-hrs-negro-o-blanco.jpg,https://f.fcdn.app/imgs/43f633/www.gstop.uy/gameuy/11b2/webp/catalogo/63890_63890_5/1024-1024/auricular-jbl-wave-flex-32-hrs-negro-o-blanco-auricular-jbl-wave-flex-32-hrs-negro-o-blanco.jpg
63891,,https://f.fcdn.app/imgs/7b32d8/www.gstop.uy/gameuy/7663/webp/catalogo/63891_63891_1/1024-1024/tripatin-3-en-1-infantil-asiento-ajustable-varios-colores-tripatin-3-en-1-infantil-asiento-ajustable-varios-colores.jpg,https://f.fcdn.app/imgs/130b3c/www.gstop.uy/gameuy/ac5c/webp/catalogo/63891_63891_2/1024-1024/tripatin-3-en-1-infantil-asiento-ajustable-varios-colores-tripatin-3-en-1-infantil-asiento-ajustable-varios-colores.jpg,https://f.fcdn.app/imgs/9a2116/www.gstop.uy/gameuy/3ba8/webp/catalogo/63891_63891_3/1024-1024/tripatin-3-en-1-infantil-asiento-ajustable-varios-colores-tripatin-3-en-1-infantil-asiento-ajustable-varios-colores.jpg,https://f.fcdn.app/imgs/f491c8/www.gstop.uy/gameuy/fc20/webp/catalogo/63891_63891_4/1024-1024/tripatin-3-en-1-infantil-asiento-ajustable-varios-colores-tripatin-3-en-1-infantil-asiento-ajustable-varios-colores.jpg,
63892,,https://f.fcdn.app/imgs/8da782/www.gstop.uy/gameuy/d260/webp/catalogo/63892_63892_1/1024-1024/mousepad-genius-xl-gamer-mousepad-genius-xl-gamer.jpg,https://f.fcdn.app/imgs/0ae95d/www.gstop.uy/gameuy/359d/webp/catalogo/63892_63892_2/1024-1024/mousepad-genius-xl-gamer-mousepad-genius-xl-gamer.jpg,https://f.fcdn.app/imgs/d19e85/www.gstop.uy/gameuy/953a/webp/catalogo/63892_63892_3/1024-1024/mousepad-genius-xl-gamer-mousepad-genius-xl-gamer.jpg,,
63895,,https://f.fcdn.app/imgs/a36edb/www.gstop.uy/gameuy/0fc5/webp/catalogo/63895_63895_1/1024-1024/jbl-endurance-run-2-bluetooth-jbl-endurance-run-2-bluetooth.jpg,https://f.fcdn.app/imgs/1671b9/www.gstop.uy/gameuy/f5fd/webp/catalogo/63895_63895_2/1024-1024/jbl-endurance-run-2-bluetooth-jbl-endurance-run-2-bluetooth.jpg,https://f.fcdn.app/imgs/a80b46/www.gstop.uy/gameuy/f656/webp/catalogo/63895_63895_3/1024-1024/jbl-endurance-run-2-bluetooth-jbl-endurance-run-2-bluetooth.jpg,https://f.fcdn.app/imgs/5b55f2/www.gstop.uy/gameuy/dcdb/webp/catalogo/63895_63895_4/1024-1024/jbl-endurance-run-2-bluetooth-jbl-endurance-run-2-bluetooth.jpg,https://f.fcdn.app/imgs/f4c74a/www.gstop.uy/gameuy/f5d1/webp/catalogo/63895_63895_5/1024-1024/jbl-endurance-run-2-bluetooth-jbl-endurance-run-2-bluetooth.jpg
63896,,https://f.fcdn.app/imgs/37faf2/www.gstop.uy/gameuy/ffae/webp/catalogo/63896_63896_1/1024-1024/jbl-endurance-race-con-agarre-bateria-de-30-hrs-jbl-endurance-race-con-agarre-bateria-de-30-hrs.jpg,https://f.fcdn.app/imgs/8e0cf1/www.gstop.uy/gameuy/69fe/webp/catalogo/63896_63896_2/1024-1024/jbl-endurance-race-con-agarre-bateria-de-30-hrs-jbl-endurance-race-con-agarre-bateria-de-30-hrs.jpg,https://f.fcdn.app/imgs/fe9af7/www.gstop.uy/gameuy/eb0f/webp/catalogo/63896_63896_3/1024-1024/jbl-endurance-race-con-agarre-bateria-de-30-hrs-jbl-endurance-race-con-agarre-bateria-de-30-hrs.jpg,https://f.fcdn.app/imgs/3b178c/www.gstop.uy/gameuy/a1a3/webp/catalogo/63896_63896_4/1024-1024/jbl-endurance-race-con-agarre-bateria-de-30-hrs-jbl-endurance-race-con-agarre-bateria-de-30-hrs.jpg,https://f.fcdn.app/imgs/5479be/www.gstop.uy/gameuy/249e/webp/catalogo/63896_63896_5/1024-1024/jbl-endurance-race-con-agarre-bateria-de-30-hrs-jbl-endurance-race-con-agarre-bateria-de-30-hrs.jpg
63897,,https://f.fcdn.app/imgs/03f69e/www.gstop.uy/gameuy/a746/webp/catalogo/63897_63897_1/1024-1024/auricular-inalambrico-xtrike-me-ws-010-auricular-inalambrico-xtrike-me-ws-010.jpg,https://f.fcdn.app/imgs/36a990/www.gstop.uy/gameuy/eacd/webp/catalogo/63897_63897_2/1024-1024/auricular-inalambrico-xtrike-me-ws-010-auricular-inalambrico-xtrike-me-ws-010.jpg,https://f.fcdn.app/imgs/0b9287/www.gstop.uy/gameuy/e663/webp/catalogo/63897_63897_3/1024-1024/auricular-inalambrico-xtrike-me-ws-010-auricular-inalambrico-xtrike-me-ws-010.jpg,,
63898,,https://f.fcdn.app/imgs/8a6c9b/www.gstop.uy/gameuy/769e/webp/catalogo/63898_63898_1/1024-1024/auricular-xtrike-me-para-tarjeta-de-memoria-y-bluetooth-rosa-o-violeta-auricular-xtrike-me-para-tarjeta-de-memoria-y-bluetooth-rosa-o-violeta.jpg,https://f.fcdn.app/imgs/aedc7b/www.gstop.uy/gameuy/0049/webp/catalogo/63898_63898_2/1024-1024/auricular-xtrike-me-para-tarjeta-de-memoria-y-bluetooth-rosa-o-violeta-auricular-xtrike-me-para-tarjeta-de-memoria-y-bluetooth-rosa-o-violeta.jpg,https://f.fcdn.app/imgs/ba869b/www.gstop.uy/gameuy/b23c/webp/catalogo/63898_63898_3/1024-1024/auricular-xtrike-me-para-tarjeta-de-memoria-y-bluetooth-rosa-o-violeta-auricular-xtrike-me-para-tarjeta-de-memoria-y-bluetooth-rosa-o-violeta.jpg,https://f.fcdn.app/imgs/68e071/www.gstop.uy/gameuy/67f2/webp/catalogo/63898_63898_4/1024-1024/auricular-xtrike-me-para-tarjeta-de-memoria-y-bluetooth-rosa-o-violeta-auricular-xtrike-me-para-tarjeta-de-memoria-y-bluetooth-rosa-o-violeta.jpg,https://f.fcdn.app/imgs/b0615f/www.gstop.uy/gameuy/c3d9/webp/catalogo/63898_63898_5/1024-1024/auricular-xtrike-me-para-tarjeta-de-memoria-y-bluetooth-rosa-o-violeta-auricular-xtrike-me-para-tarjeta-de-memoria-y-bluetooth-rosa-o-violeta.jpg
63900,,https://f.fcdn.app/imgs/abebf0/www.gstop.uy/gameuy/47ee/webp/catalogo/63900_63900_1/1024-1024/mouse-inalambrico-bluetooth-y-frecuencia-recargable-sin-pilas-amarillo-mouse-inalambrico-bluetooth-y-frecuencia-recargable-sin-pilas-amarillo.jpg,https://f.fcdn.app/imgs/64c96b/www.gstop.uy/gameuy/88e2/webp/catalogo/63900_63900_2/1024-1024/mouse-inalambrico-bluetooth-y-frecuencia-recargable-sin-pilas-amarillo-mouse-inalambrico-bluetooth-y-frecuencia-recargable-sin-pilas-amarillo.jpg,https://f.fcdn.app/imgs/84c394/www.gstop.uy/gameuy/a746/webp/catalogo/63900_63900_3/1024-1024/mouse-inalambrico-bluetooth-y-frecuencia-recargable-sin-pilas-amarillo-mouse-inalambrico-bluetooth-y-frecuencia-recargable-sin-pilas-amarillo.jpg,,
63902,,https://f.fcdn.app/imgs/f11dae/www.gstop.uy/gameuy/8798/webp/catalogo/63902_63902_1/1024-1024/teclado-bluetooth-y-2-4g-xtrike-me-teclado-bluetooth-y-2-4g-xtrike-me.jpg,https://f.fcdn.app/imgs/5dc197/www.gstop.uy/gameuy/08fa/webp/catalogo/63902_63902_2/1024-1024/teclado-bluetooth-y-2-4g-xtrike-me-teclado-bluetooth-y-2-4g-xtrike-me.jpg,https://f.fcdn.app/imgs/64571e/www.gstop.uy/gameuy/116d/webp/catalogo/63902_63902_3/1024-1024/teclado-bluetooth-y-2-4g-xtrike-me-teclado-bluetooth-y-2-4g-xtrike-me.jpg,,
63903,,https://f.fcdn.app/imgs/61333a/www.gstop.uy/gameuy/380d/webp/catalogo/63903_63903_1/1024-1024/mouse-bluetooth-y-2-4ghz-recargable-con-luces-mouse-bluetooth-y-2-4ghz-recargable-con-luces.jpg,https://f.fcdn.app/imgs/8e54ba/www.gstop.uy/gameuy/8e79/webp/catalogo/63903_63903_2/1024-1024/mouse-bluetooth-y-2-4ghz-recargable-con-luces-mouse-bluetooth-y-2-4ghz-recargable-con-luces.jpg,https://f.fcdn.app/imgs/fe377e/www.gstop.uy/gameuy/65cd/webp/catalogo/63903_63903_3/1024-1024/mouse-bluetooth-y-2-4ghz-recargable-con-luces-mouse-bluetooth-y-2-4ghz-recargable-con-luces.jpg,,
63905,,https://f.fcdn.app/imgs/3463cc/www.gstop.uy/gameuy/984a/webp/catalogo/63905_63905_1/1024-1024/mousepad-gamer-28-x-24-marvo-g1-mousepad-gamer-28-x-24-marvo-g1.jpg,https://f.fcdn.app/imgs/b9a6c6/www.gstop.uy/gameuy/f9a2/webp/catalogo/63905_63905_2/1024-1024/mousepad-gamer-28-x-24-marvo-g1-mousepad-gamer-28-x-24-marvo-g1.jpg,https://f.fcdn.app/imgs/983487/www.gstop.uy/gameuy/84c8/webp/catalogo/63905_63905_3/1024-1024/mousepad-gamer-28-x-24-marvo-g1-mousepad-gamer-28-x-24-marvo-g1.jpg,,
63906,,https://f.fcdn.app/imgs/b267f6/www.gstop.uy/gameuy/5650/webp/catalogo/63906_63906_1/1024-1024/auto-a-control-remoto-360-con-luces-auto-a-control-remoto-360-con-luces.jpg,,,,
63907,,https://f.fcdn.app/imgs/66a47e/www.gstop.uy/gameuy/f7ac/webp/catalogo/63907_63907_1/1024-1024/auto-a-control-remoto-con-camara-y-aplicacion-para-celular-auto-a-control-remoto-con-camara-y-aplicacion-para-celular.jpg,https://f.fcdn.app/imgs/bf301d/www.gstop.uy/gameuy/9ad1/webp/catalogo/63907_63907_2/1024-1024/auto-a-control-remoto-con-camara-y-aplicacion-para-celular-auto-a-control-remoto-con-camara-y-aplicacion-para-celular.jpg,https://f.fcdn.app/imgs/cee95a/www.gstop.uy/gameuy/f228/webp/catalogo/63907_63907_3/1024-1024/auto-a-control-remoto-con-camara-y-aplicacion-para-celular-auto-a-control-remoto-con-camara-y-aplicacion-para-celular.jpg,https://f.fcdn.app/imgs/cac712/www.gstop.uy/gameuy/990f/webp/catalogo/63907_63907_4/1024-1024/auto-a-control-remoto-con-camara-y-aplicacion-para-celular-auto-a-control-remoto-con-camara-y-aplicacion-para-celular.jpg,https://f.fcdn.app/imgs/d0fec2/www.gstop.uy/gameuy/29a3/webp/catalogo/63907_63907_5/1024-1024/auto-a-control-remoto-con-camara-y-aplicacion-para-celular-auto-a-control-remoto-con-camara-y-aplicacion-para-celular.jpg
63909,,https://f.fcdn.app/imgs/40cb9d/www.gstop.uy/gameuy/3cfc/webp/catalogo/63909_63909_1/1024-1024/auto-transformable-auto-robot-a-control-remoto-mediano-auto-transformable-auto-robot-a-control-remoto-mediano.jpg,https://f.fcdn.app/imgs/7ae326/www.gstop.uy/gameuy/c92b/webp/catalogo/63909_63909_2/1024-1024/auto-transformable-auto-robot-a-control-remoto-mediano-auto-transformable-auto-robot-a-control-remoto-mediano.jpg,https://f.fcdn.app/imgs/4d6998/www.gstop.uy/gameuy/cc1e/webp/catalogo/63909_63909_3/1024-1024/auto-transformable-auto-robot-a-control-remoto-mediano-auto-transformable-auto-robot-a-control-remoto-mediano.jpg,https://f.fcdn.app/imgs/bf3b3c/www.gstop.uy/gameuy/4e6f/webp/catalogo/63909_63909_4/1024-1024/auto-transformable-auto-robot-a-control-remoto-mediano-auto-transformable-auto-robot-a-control-remoto-mediano.jpg,https://f.fcdn.app/imgs/19a231/www.gstop.uy/gameuy/bc34/webp/catalogo/63909_63909_5/1024-1024/auto-transformable-auto-robot-a-control-remoto-mediano-auto-transformable-auto-robot-a-control-remoto-mediano.jpg
63910,,https://f.fcdn.app/imgs/3b0174/www.gstop.uy/gameuy/cc1e/webp/catalogo/63910_63910_1/1024-1024/auto-transformable-auto-robot-a-control-remoto-grande-auto-transformable-auto-robot-a-control-remoto-grande.jpg,https://f.fcdn.app/imgs/093849/www.gstop.uy/gameuy/3cfc/webp/catalogo/63910_63910_2/1024-1024/auto-transformable-auto-robot-a-control-remoto-grande-auto-transformable-auto-robot-a-control-remoto-grande.jpg,https://f.fcdn.app/imgs/d88093/www.gstop.uy/gameuy/c92b/webp/catalogo/63910_63910_3/1024-1024/auto-transformable-auto-robot-a-control-remoto-grande-auto-transformable-auto-robot-a-control-remoto-grande.jpg,https://f.fcdn.app/imgs/252f03/www.gstop.uy/gameuy/a794/webp/catalogo/63910_63910_4/1024-1024/auto-transformable-auto-robot-a-control-remoto-grande-auto-transformable-auto-robot-a-control-remoto-grande.jpg,https://f.fcdn.app/imgs/881511/www.gstop.uy/gameuy/4e6f/webp/catalogo/63910_63910_5/1024-1024/auto-transformable-auto-robot-a-control-remoto-grande-auto-transformable-auto-robot-a-control-remoto-grande.jpg
63911,,https://f.fcdn.app/imgs/33dc20/www.gstop.uy/gameuy/6fd1/webp/catalogo/63911_63911_1/1024-1024/reloj-despertador-infantil-osito-rosa-o-celeste-reloj-despertador-infantil-osito-rosa-o-celeste.jpg,https://f.fcdn.app/imgs/fdb05c/www.gstop.uy/gameuy/ba36/webp/catalogo/63911_63911_2/1024-1024/reloj-despertador-infantil-osito-rosa-o-celeste-reloj-despertador-infantil-osito-rosa-o-celeste.jpg,,,
63912,,https://f.fcdn.app/imgs/d37bc5/www.gstop.uy/gameuy/3e32/webp/catalogo/63912_63912_1/1024-1024/lampara-para-libro-lectura-nocturna-con-clip-lampara-para-libro-lectura-nocturna-con-clip.jpg,https://f.fcdn.app/imgs/96bb47/www.gstop.uy/gameuy/5884/webp/catalogo/63912_63912_2/1024-1024/lampara-para-libro-lectura-nocturna-con-clip-lampara-para-libro-lectura-nocturna-con-clip.jpg,https://f.fcdn.app/imgs/c6776b/www.gstop.uy/gameuy/cd9c/webp/catalogo/63912_63912_3/1024-1024/lampara-para-libro-lectura-nocturna-con-clip-lampara-para-libro-lectura-nocturna-con-clip.jpg,https://f.fcdn.app/imgs/3f5a59/www.gstop.uy/gameuy/67c6/webp/catalogo/63912_63912_4/1024-1024/lampara-para-libro-lectura-nocturna-con-clip-lampara-para-libro-lectura-nocturna-con-clip.jpg,https://f.fcdn.app/imgs/112954/www.gstop.uy/gameuy/d25c/webp/catalogo/63912_63912_5/1024-1024/lampara-para-libro-lectura-nocturna-con-clip-lampara-para-libro-lectura-nocturna-con-clip.jpg
63913,,https://f.fcdn.app/imgs/df473a/www.gstop.uy/gameuy/6f37/webp/catalogo/63913_63913_1/1024-1024/lampara-led-con-portalapices-varios-colores-lampara-led-con-portalapices-varios-colores.jpg,https://f.fcdn.app/imgs/1472cc/www.gstop.uy/gameuy/966d/webp/catalogo/63913_63913_2/1024-1024/lampara-led-con-portalapices-varios-colores-lampara-led-con-portalapices-varios-colores.jpg,https://f.fcdn.app/imgs/9f52d5/www.gstop.uy/gameuy/535b/webp/catalogo/63913_63913_3/1024-1024/lampara-led-con-portalapices-varios-colores-lampara-led-con-portalapices-varios-colores.jpg,https://f.fcdn.app/imgs/2177f2/www.gstop.uy/gameuy/da36/webp/catalogo/63913_63913_4/1024-1024/lampara-led-con-portalapices-varios-colores-lampara-led-con-portalapices-varios-colores.jpg,https://f.fcdn.app/imgs/3300c3/www.gstop.uy/gameuy/7c5f/webp/catalogo/63913_63913_5/1024-1024/lampara-led-con-portalapices-varios-colores-lampara-led-con-portalapices-varios-colores.jpg
63915,,https://f.fcdn.app/imgs/46e227/www.gstop.uy/gameuy/ce1d/webp/catalogo/63915_63915_1/1024-1024/lampara-de-escritorio-tactil-led-con-funcion-power-bank-lampara-de-escritorio-tactil-led-con-funcion-power-bank.jpg,https://f.fcdn.app/imgs/a23a30/www.gstop.uy/gameuy/b39f/webp/catalogo/63915_63915_2/1024-1024/lampara-de-escritorio-tactil-led-con-funcion-power-bank-lampara-de-escritorio-tactil-led-con-funcion-power-bank.jpg,https://f.fcdn.app/imgs/9a944f/www.gstop.uy/gameuy/5d09/webp/catalogo/63915_63915_3/1024-1024/lampara-de-escritorio-tactil-led-con-funcion-power-bank-lampara-de-escritorio-tactil-led-con-funcion-power-bank.jpg,https://f.fcdn.app/imgs/d07e15/www.gstop.uy/gameuy/2e60/webp/catalogo/63915_63915_4/1024-1024/lampara-de-escritorio-tactil-led-con-funcion-power-bank-lampara-de-escritorio-tactil-led-con-funcion-power-bank.jpg,https://f.fcdn.app/imgs/56e107/www.gstop.uy/gameuy/228e/webp/catalogo/63915_63915_5/1024-1024/lampara-de-escritorio-tactil-led-con-funcion-power-bank-lampara-de-escritorio-tactil-led-con-funcion-power-bank.jpg
63916,,https://f.fcdn.app/imgs/9b3e54/www.gstop.uy/gameuy/3ee0/webp/catalogo/63916_63916_1/1024-1024/lampara-de-escritorio-tactil-3-tipos-de-luz-lampara-de-escritorio-tactil-3-tipos-de-luz.jpg,https://f.fcdn.app/imgs/a42cf4/www.gstop.uy/gameuy/cb3a/webp/catalogo/63916_63916_2/1024-1024/lampara-de-escritorio-tactil-3-tipos-de-luz-lampara-de-escritorio-tactil-3-tipos-de-luz.jpg,,,
63925,,https://f.fcdn.app/imgs/90ef35/www.gstop.uy/gameuy/34da/webp/catalogo/63925_63925_1/1024-1024/licuadora-con-dos-vasos-180w-de-potencia-licuadora-con-dos-vasos-180w-de-potencia.jpg,https://f.fcdn.app/imgs/32ab1a/www.gstop.uy/gameuy/1e87/webp/catalogo/63925_63925_2/1024-1024/licuadora-con-dos-vasos-180w-de-potencia-licuadora-con-dos-vasos-180w-de-potencia.jpg,https://f.fcdn.app/imgs/bb06f6/www.gstop.uy/gameuy/bca2/webp/catalogo/63925_63925_3/1024-1024/licuadora-con-dos-vasos-180w-de-potencia-licuadora-con-dos-vasos-180w-de-potencia.jpg,https://f.fcdn.app/imgs/df461c/www.gstop.uy/gameuy/8f48/webp/catalogo/63925_63925_4/1024-1024/licuadora-con-dos-vasos-180w-de-potencia-licuadora-con-dos-vasos-180w-de-potencia.jpg,https://f.fcdn.app/imgs/d08339/www.gstop.uy/gameuy/bebe/webp/catalogo/63925_63925_5/1024-1024/licuadora-con-dos-vasos-180w-de-potencia-licuadora-con-dos-vasos-180w-de-potencia.jpg
63926,,https://f.fcdn.app/imgs/b6a4c1/www.gstop.uy/gameuy/6a10/webp/catalogo/63926_63926_1/1024-1024/licuadora-con-vaso-400ml-portatil-recargable-licuadora-con-vaso-400ml-portatil-recargable.jpg,https://f.fcdn.app/imgs/1149d2/www.gstop.uy/gameuy/4af8/webp/catalogo/63926_63926_2/1024-1024/licuadora-con-vaso-400ml-portatil-recargable-licuadora-con-vaso-400ml-portatil-recargable.jpg,https://f.fcdn.app/imgs/daab7c/www.gstop.uy/gameuy/0b75/webp/catalogo/63926_63926_3/1024-1024/licuadora-con-vaso-400ml-portatil-recargable-licuadora-con-vaso-400ml-portatil-recargable.jpg,https://f.fcdn.app/imgs/d44239/www.gstop.uy/gameuy/7f59/webp/catalogo/63926_63926_4/1024-1024/licuadora-con-vaso-400ml-portatil-recargable-licuadora-con-vaso-400ml-portatil-recargable.jpg,https://f.fcdn.app/imgs/af82e9/www.gstop.uy/gameuy/f5e7/webp/catalogo/63926_63926_5/1024-1024/licuadora-con-vaso-400ml-portatil-recargable-licuadora-con-vaso-400ml-portatil-recargable.jpg
63928,,https://f.fcdn.app/imgs/276759/www.gstop.uy/gameuy/fcd8/webp/catalogo/63928_63928_1/1024-1024/pistola-de-burbujas-a-pilas-pistola-de-burbujas-a-pilas.jpg,https://f.fcdn.app/imgs/6e646a/www.gstop.uy/gameuy/e8af/webp/catalogo/63928_63928_2/1024-1024/pistola-de-burbujas-a-pilas-pistola-de-burbujas-a-pilas.jpg,https://f.fcdn.app/imgs/fd394b/www.gstop.uy/gameuy/1d75/webp/catalogo/63928_63928_3/1024-1024/pistola-de-burbujas-a-pilas-pistola-de-burbujas-a-pilas.jpg,,
63929,,https://f.fcdn.app/imgs/db28fb/www.gstop.uy/gameuy/ff3d/webp/catalogo/63929_63929_1/1024-1024/burbujero-cangrejo-camara-de-fotos-con-luz-y-sonidos-burbujero-cangrejo-camara-de-fotos-con-luz-y-sonidos.jpg,https://f.fcdn.app/imgs/834702/www.gstop.uy/gameuy/7b8a/webp/catalogo/63929_63929_2/1024-1024/burbujero-cangrejo-camara-de-fotos-con-luz-y-sonidos-burbujero-cangrejo-camara-de-fotos-con-luz-y-sonidos.jpg,https://f.fcdn.app/imgs/5221fe/www.gstop.uy/gameuy/2763/webp/catalogo/63929_63929_3/1024-1024/burbujero-cangrejo-camara-de-fotos-con-luz-y-sonidos-burbujero-cangrejo-camara-de-fotos-con-luz-y-sonidos.jpg,,
63930,,https://f.fcdn.app/imgs/068ca8/www.gstop.uy/gameuy/6478/webp/catalogo/63930_63930_1/1024-1024/ametralladora-semiautomatica-con-tambor-y-dardos-de-goma-ametralladora-semiautomatica-con-tambor-y-dardos-de-goma.jpg,https://f.fcdn.app/imgs/f29c5e/www.gstop.uy/gameuy/01ed/webp/catalogo/63930_63930_2/1024-1024/ametralladora-semiautomatica-con-tambor-y-dardos-de-goma-ametralladora-semiautomatica-con-tambor-y-dardos-de-goma.jpg,https://f.fcdn.app/imgs/9b92aa/www.gstop.uy/gameuy/9d47/webp/catalogo/63930_63930_3/1024-1024/ametralladora-semiautomatica-con-tambor-y-dardos-de-goma-ametralladora-semiautomatica-con-tambor-y-dardos-de-goma.jpg,https://f.fcdn.app/imgs/7b83a8/www.gstop.uy/gameuy/7455/webp/catalogo/63930_63930_4/1024-1024/ametralladora-semiautomatica-con-tambor-y-dardos-de-goma-ametralladora-semiautomatica-con-tambor-y-dardos-de-goma.jpg,
63931,,https://f.fcdn.app/imgs/d5b739/www.gstop.uy/gameuy/7602/webp/catalogo/63931_63931_1/1024-1024/pistola-lanza-dardos-3-objetivos-12-dardos-pistola-lanza-dardos-3-objetivos-12-dardos.jpg,https://f.fcdn.app/imgs/d33478/www.gstop.uy/gameuy/262a/webp/catalogo/63931_63931_2/1024-1024/pistola-lanza-dardos-3-objetivos-12-dardos-pistola-lanza-dardos-3-objetivos-12-dardos.jpg,https://f.fcdn.app/imgs/18e79d/www.gstop.uy/gameuy/3339/webp/catalogo/63931_63931_3/1024-1024/pistola-lanza-dardos-3-objetivos-12-dardos-pistola-lanza-dardos-3-objetivos-12-dardos.jpg,https://f.fcdn.app/imgs/0eddc7/www.gstop.uy/gameuy/8757/webp/catalogo/63931_63931_4/1024-1024/pistola-lanza-dardos-3-objetivos-12-dardos-pistola-lanza-dardos-3-objetivos-12-dardos.jpg,
63933,,https://f.fcdn.app/imgs/909a61/www.gstop.uy/gameuy/4d90/webp/catalogo/63933_63933_1/1024-1024/oso-volador-juguete-recargable-con-sensor-oso-volador-juguete-recargable-con-sensor.jpg,https://f.fcdn.app/imgs/5b0d3c/www.gstop.uy/gameuy/2114/webp/catalogo/63933_63933_2/1024-1024/oso-volador-juguete-recargable-con-sensor-oso-volador-juguete-recargable-con-sensor.jpg,https://f.fcdn.app/imgs/896773/www.gstop.uy/gameuy/ca31/webp/catalogo/63933_63933_3/1024-1024/oso-volador-juguete-recargable-con-sensor-oso-volador-juguete-recargable-con-sensor.jpg,https://f.fcdn.app/imgs/84210e/www.gstop.uy/gameuy/70d8/webp/catalogo/63933_63933_4/1024-1024/oso-volador-juguete-recargable-con-sensor-oso-volador-juguete-recargable-con-sensor.jpg,
63934,,https://f.fcdn.app/imgs/b63be8/www.gstop.uy/gameuy/9e1c/webp/catalogo/63934_63934_1/1024-1024/joystick-para-playstation-4-playstation-3-nintendo-switch-xbox-celulares-android-y-ios-con-soporte-joystick-para-playstation-4-playstation-3-nintendo-switch-xbox-celulares-android-y-ios-con-soporte.jpg,https://f.fcdn.app/imgs/6f0893/www.gstop.uy/gameuy/53fb/webp/catalogo/63934_63934_2/1024-1024/joystick-para-playstation-4-playstation-3-nintendo-switch-xbox-celulares-android-y-ios-con-soporte-joystick-para-playstation-4-playstation-3-nintendo-switch-xbox-celulares-android-y-ios-con-soporte.jpg,https://f.fcdn.app/imgs/bead09/www.gstop.uy/gameuy/d94a/webp/catalogo/63934_63934_3/1024-1024/joystick-para-playstation-4-playstation-3-nintendo-switch-xbox-celulares-android-y-ios-con-soporte-joystick-para-playstation-4-playstation-3-nintendo-switch-xbox-celulares-android-y-ios-con-soporte.jpg,https://f.fcdn.app/imgs/a0b6d1/www.gstop.uy/gameuy/2c80/webp/catalogo/63934_63934_4/1024-1024/joystick-para-playstation-4-playstation-3-nintendo-switch-xbox-celulares-android-y-ios-con-soporte-joystick-para-playstation-4-playstation-3-nintendo-switch-xbox-celulares-android-y-ios-con-soporte.jpg,https://f.fcdn.app/imgs/dca2c3/www.gstop.uy/gameuy/2e1c/webp/catalogo/63934_63934_5/1024-1024/joystick-para-playstation-4-playstation-3-nintendo-switch-xbox-celulares-android-y-ios-con-soporte-joystick-para-playstation-4-playstation-3-nintendo-switch-xbox-celulares-android-y-ios-con-soporte.jpg
63935,,https://f.fcdn.app/imgs/f5c476/www.gstop.uy/gameuy/69e4/webp/catalogo/63935_63935_1/1024-1024/lego-moto-acrobatica-a-friccion-60331-lego-moto-acrobatica-a-friccion-60331.jpg,https://f.fcdn.app/imgs/f9e330/www.gstop.uy/gameuy/6219/webp/catalogo/63935_63935_2/1024-1024/lego-moto-acrobatica-a-friccion-60331-lego-moto-acrobatica-a-friccion-60331.jpg,https://f.fcdn.app/imgs/49b928/www.gstop.uy/gameuy/2b58/webp/catalogo/63935_63935_3/1024-1024/lego-moto-acrobatica-a-friccion-60331-lego-moto-acrobatica-a-friccion-60331.jpg,https://f.fcdn.app/imgs/8715ab/www.gstop.uy/gameuy/f3b7/webp/catalogo/63935_63935_4/1024-1024/lego-moto-acrobatica-a-friccion-60331-lego-moto-acrobatica-a-friccion-60331.jpg,https://f.fcdn.app/imgs/6ab981/www.gstop.uy/gameuy/f549/webp/catalogo/63935_63935_5/1024-1024/lego-moto-acrobatica-a-friccion-60331-lego-moto-acrobatica-a-friccion-60331.jpg
63940,,https://f.fcdn.app/imgs/8b1fe3/www.gstop.uy/gameuy/2035/webp/catalogo/63940_63940_1/1024-1024/lego-tienda-de-donas-lego-tienda-de-donas.jpg,https://f.fcdn.app/imgs/9394b4/www.gstop.uy/gameuy/bcc2/webp/catalogo/63940_63940_2/1024-1024/lego-tienda-de-donas-lego-tienda-de-donas.jpg,https://f.fcdn.app/imgs/80c552/www.gstop.uy/gameuy/a82d/webp/catalogo/63940_63940_3/1024-1024/lego-tienda-de-donas-lego-tienda-de-donas.jpg,https://f.fcdn.app/imgs/388419/www.gstop.uy/gameuy/c528/webp/catalogo/63940_63940_4/1024-1024/lego-tienda-de-donas-lego-tienda-de-donas.jpg,https://f.fcdn.app/imgs/15ea2a/www.gstop.uy/gameuy/33dc/webp/catalogo/63940_63940_5/1024-1024/lego-tienda-de-donas-lego-tienda-de-donas.jpg
63952,,https://f.fcdn.app/imgs/0fee3f/www.gstop.uy/gameuy/781c/webp/catalogo/63952_63952_1/1024-1024/gabinete-gamer-shot-gaming-shot-sup-8016-cristal-templado-rgb-frontal-gabinete-gamer-shot-gaming-shot-sup-8016-cristal-templado-rgb-frontal.jpg,,,,
63954,,https://f.fcdn.app/imgs/eb4ed5/www.gstop.uy/gameuy/3844/webp/catalogo/63954_63954_1/1024-1024/gabinete-gamer-shot-gaming-pro-series-shot-sup-8011-cristal-templado-rgb-frontal-gabinete-gamer-shot-gaming-pro-series-shot-sup-8011-cristal-templado-rgb-frontal.jpg,,,,
63955,,https://f.fcdn.app/imgs/dfe065/www.gstop.uy/gameuy/2df7/webp/catalogo/63955_63955_1/1024-1024/gabinete-micro-atx-shot-gaming-shot-fa-5015sf-color-negro-sin-fuente-gabinete-micro-atx-shot-gaming-shot-fa-5015sf-color-negro-sin-fuente.jpg,https://f.fcdn.app/imgs/4bb3f5/www.gstop.uy/gameuy/afab/webp/catalogo/63955_63955_2/1024-1024/gabinete-micro-atx-shot-gaming-shot-fa-5015sf-color-negro-sin-fuente-gabinete-micro-atx-shot-gaming-shot-fa-5015sf-color-negro-sin-fuente.jpg,,,
63956,,https://f.fcdn.app/imgs/843e5e/www.gstop.uy/gameuy/6815/webp/catalogo/63956_63956_1/1024-1024/proyector-astronauta-galaxia-proyector-astronauta-galaxia.jpg,https://f.fcdn.app/imgs/871db1/www.gstop.uy/gameuy/0ef4/webp/catalogo/63956_63956_2/1024-1024/proyector-astronauta-galaxia-proyector-astronauta-galaxia.jpg,https://f.fcdn.app/imgs/72b9d8/www.gstop.uy/gameuy/5bdc/webp/catalogo/63956_63956_3/1024-1024/proyector-astronauta-galaxia-proyector-astronauta-galaxia.jpg,https://f.fcdn.app/imgs/1fc435/www.gstop.uy/gameuy/831a/webp/catalogo/63956_63956_4/1024-1024/proyector-astronauta-galaxia-proyector-astronauta-galaxia.jpg,https://f.fcdn.app/imgs/a154a3/www.gstop.uy/gameuy/3686/webp/catalogo/63956_63956_5/1024-1024/proyector-astronauta-galaxia-proyector-astronauta-galaxia.jpg
63957,,https://f.fcdn.app/imgs/996edb/www.gstop.uy/gameuy/50d9/webp/catalogo/63957_63957_1/1024-1024/tablet-hyundai-i-7-hytab-1gb-ram-16gb-rom-3g-para-chip-tablet-hyundai-i-7-hytab-1gb-ram-16gb-rom-3g-para-chip.jpg,https://f.fcdn.app/imgs/0929cb/www.gstop.uy/gameuy/9ae6/webp/catalogo/63957_63957_2/1024-1024/tablet-hyundai-i-7-hytab-1gb-ram-16gb-rom-3g-para-chip-tablet-hyundai-i-7-hytab-1gb-ram-16gb-rom-3g-para-chip.jpg,https://f.fcdn.app/imgs/7a0333/www.gstop.uy/gameuy/24aa/webp/catalogo/63957_63957_3/1024-1024/tablet-hyundai-i-7-hytab-1gb-ram-16gb-rom-3g-para-chip-tablet-hyundai-i-7-hytab-1gb-ram-16gb-rom-3g-para-chip.jpg,,
63958,,https://f.fcdn.app/imgs/6b17ed/www.gstop.uy/gameuy/d834/webp/catalogo/63958_63958_1/1024-1024/auto-a-control-remoto-360-stunt-todo-terreno-auto-a-control-remoto-360-stunt-todo-terreno.jpg,https://f.fcdn.app/imgs/5b37b4/www.gstop.uy/gameuy/5492/webp/catalogo/63958_63958_2/1024-1024/auto-a-control-remoto-360-stunt-todo-terreno-auto-a-control-remoto-360-stunt-todo-terreno.jpg,https://f.fcdn.app/imgs/05b64e/www.gstop.uy/gameuy/90e7/webp/catalogo/63958_63958_3/1024-1024/auto-a-control-remoto-360-stunt-todo-terreno-auto-a-control-remoto-360-stunt-todo-terreno.jpg,https://f.fcdn.app/imgs/ca900b/www.gstop.uy/gameuy/3126/webp/catalogo/63958_63958_4/1024-1024/auto-a-control-remoto-360-stunt-todo-terreno-auto-a-control-remoto-360-stunt-todo-terreno.jpg,https://f.fcdn.app/imgs/76f5a6/www.gstop.uy/gameuy/eccb/webp/catalogo/63958_63958_5/1024-1024/auto-a-control-remoto-360-stunt-todo-terreno-auto-a-control-remoto-360-stunt-todo-terreno.jpg
63961,,https://f.fcdn.app/imgs/81ba65/www.gstop.uy/gameuy/a901/webp/catalogo/63961_63961_1/1024-1024/cogo-animales-4607-cogo-animales-4607.jpg,https://f.fcdn.app/imgs/f5a1c2/www.gstop.uy/gameuy/134b/webp/catalogo/63961_63961_2/1024-1024/cogo-animales-4607-cogo-animales-4607.jpg,https://f.fcdn.app/imgs/7f1c07/www.gstop.uy/gameuy/a3c0/webp/catalogo/63961_63961_3/1024-1024/cogo-animales-4607-cogo-animales-4607.jpg,,
63962,,https://f.fcdn.app/imgs/7623f7/www.gstop.uy/gameuy/4dc1/webp/catalogo/63962_63962_1/1024-1024/cogo-display-militar-3020-cogo-display-militar-3020.jpg,https://f.fcdn.app/imgs/86a7a8/www.gstop.uy/gameuy/19ca/webp/catalogo/63962_63962_2/1024-1024/cogo-display-militar-3020-cogo-display-militar-3020.jpg,,,
63965,,https://f.fcdn.app/imgs/ba67b3/www.gstop.uy/gameuy/3b72/webp/catalogo/63965_63965_1/1024-1024/cogo-jeep-491-piezas-5800-cogo-jeep-491-piezas-5800.jpg,https://f.fcdn.app/imgs/b90797/www.gstop.uy/gameuy/da50/webp/catalogo/63965_63965_2/1024-1024/cogo-jeep-491-piezas-5800-cogo-jeep-491-piezas-5800.jpg,,,
63970,,https://f.fcdn.app/imgs/74366c/www.gstop.uy/gameuy/7c79/webp/catalogo/63970_63970_1/1024-1024/cogo-robot-326-piezas-4878-cogo-robot-326-piezas-4878.jpg,https://f.fcdn.app/imgs/d752c6/www.gstop.uy/gameuy/f8f3/webp/catalogo/63970_63970_2/1024-1024/cogo-robot-326-piezas-4878-cogo-robot-326-piezas-4878.jpg,https://f.fcdn.app/imgs/5e8795/www.gstop.uy/gameuy/aecd/webp/catalogo/63970_63970_3/1024-1024/cogo-robot-326-piezas-4878-cogo-robot-326-piezas-4878.jpg,https://f.fcdn.app/imgs/eb2843/www.gstop.uy/gameuy/4fc4/webp/catalogo/63970_63970_4/1024-1024/cogo-robot-326-piezas-4878-cogo-robot-326-piezas-4878.jpg,
63971,,https://f.fcdn.app/imgs/466fe1/www.gstop.uy/gameuy/ea5f/webp/catalogo/63971_63971_1/1024-1024/cogo-robot-312-piezas-4877-cogo-robot-312-piezas-4877.jpg,https://f.fcdn.app/imgs/662c89/www.gstop.uy/gameuy/878f/webp/catalogo/63971_63971_2/1024-1024/cogo-robot-312-piezas-4877-cogo-robot-312-piezas-4877.jpg,https://f.fcdn.app/imgs/a21330/www.gstop.uy/gameuy/c4d1/webp/catalogo/63971_63971_3/1024-1024/cogo-robot-312-piezas-4877-cogo-robot-312-piezas-4877.jpg,,
63972,,https://f.fcdn.app/imgs/6bef6a/www.gstop.uy/gameuy/a6e7/webp/catalogo/63972_63972_1/1024-1024/cogo-robot-319-piezas-4876-cogo-robot-319-piezas-4876.jpg,https://f.fcdn.app/imgs/8d1cf3/www.gstop.uy/gameuy/60b7/webp/catalogo/63972_63972_2/1024-1024/cogo-robot-319-piezas-4876-cogo-robot-319-piezas-4876.jpg,https://f.fcdn.app/imgs/ed4019/www.gstop.uy/gameuy/23ad/webp/catalogo/63972_63972_3/1024-1024/cogo-robot-319-piezas-4876-cogo-robot-319-piezas-4876.jpg,https://f.fcdn.app/imgs/17b7c1/www.gstop.uy/gameuy/fbad/webp/catalogo/63972_63972_4/1024-1024/cogo-robot-319-piezas-4876-cogo-robot-319-piezas-4876.jpg,
63974,,https://f.fcdn.app/imgs/394a8e/www.gstop.uy/gameuy/3861/webp/catalogo/63974_63974_1/1024-1024/robot-con-luz-y-sonido-en-caja-robot-con-luz-y-sonido-en-caja.jpg,https://f.fcdn.app/imgs/a0ff14/www.gstop.uy/gameuy/3c8e/webp/catalogo/63974_63974_2/1024-1024/robot-con-luz-y-sonido-en-caja-robot-con-luz-y-sonido-en-caja.jpg,,,
63975,,https://f.fcdn.app/imgs/8283de/www.gstop.uy/gameuy/59c8/webp/catalogo/63975_63975_1/1024-1024/perro-robot-con-luz-y-sonido-perro-robot-con-luz-y-sonido.jpg,https://f.fcdn.app/imgs/7002f6/www.gstop.uy/gameuy/87a1/webp/catalogo/63975_63975_2/1024-1024/perro-robot-con-luz-y-sonido-perro-robot-con-luz-y-sonido.jpg,https://f.fcdn.app/imgs/675ad0/www.gstop.uy/gameuy/11de/webp/catalogo/63975_63975_3/1024-1024/perro-robot-con-luz-y-sonido-perro-robot-con-luz-y-sonido.jpg,,
63988,,https://f.fcdn.app/imgs/4d3e6d/www.gstop.uy/gameuy/1f70/webp/catalogo/63988_63988_1/1024-1024/juego-de-mesa-torre-de-pilares-juego-de-equilibrio-juego-de-mesa-torre-de-pilares-juego-de-equilibrio.jpg,,,,
63989,,https://f.fcdn.app/imgs/0878db/www.gstop.uy/gameuy/bf67/webp/catalogo/63989_63989_1/1024-1024/puzzle-3d-animales-safari-con-temperas-para-colorear-puzzle-3d-animales-safari-con-temperas-para-colorear.jpg,,,,
63990,,https://f.fcdn.app/imgs/1efc0e/www.gstop.uy/gameuy/76b8/webp/catalogo/63990_63990_1/1024-1024/juego-de-mesa-4-en-linea-modelo-animales-juego-de-mesa-4-en-linea-modelo-animales.jpg,,,,
63994,,https://f.fcdn.app/imgs/a42438/www.gstop.uy/gameuy/b3e2/webp/catalogo/63994_63994_1/1024-1024/puzzle-3d-de-madera-53-piezas-movimientos-de-planeta-tierra-puzzle-3d-de-madera-53-piezas-movimientos-de-planeta-tierra.jpg,https://f.fcdn.app/imgs/a0c795/www.gstop.uy/gameuy/3573/webp/catalogo/63994_63994_2/1024-1024/puzzle-3d-de-madera-53-piezas-movimientos-de-planeta-tierra-puzzle-3d-de-madera-53-piezas-movimientos-de-planeta-tierra.jpg,https://f.fcdn.app/imgs/fe8d0e/www.gstop.uy/gameuy/f012/webp/catalogo/63994_63994_3/1024-1024/puzzle-3d-de-madera-53-piezas-movimientos-de-planeta-tierra-puzzle-3d-de-madera-53-piezas-movimientos-de-planeta-tierra.jpg,https://f.fcdn.app/imgs/b7c52f/www.gstop.uy/gameuy/8f51/webp/catalogo/63994_63994_4/1024-1024/puzzle-3d-de-madera-53-piezas-movimientos-de-planeta-tierra-puzzle-3d-de-madera-53-piezas-movimientos-de-planeta-tierra.jpg,
63995,,https://f.fcdn.app/imgs/c8cb33/www.gstop.uy/gameuy/fe3f/webp/catalogo/63995_63995_1/1024-1024/puzzle-3d-mision-espacial-50-piezas-puzzle-3d-mision-espacial-50-piezas.jpg,https://f.fcdn.app/imgs/e50877/www.gstop.uy/gameuy/cc7d/webp/catalogo/63995_63995_2/1024-1024/puzzle-3d-mision-espacial-50-piezas-puzzle-3d-mision-espacial-50-piezas.jpg,https://f.fcdn.app/imgs/8e932f/www.gstop.uy/gameuy/0d30/webp/catalogo/63995_63995_3/1024-1024/puzzle-3d-mision-espacial-50-piezas-puzzle-3d-mision-espacial-50-piezas.jpg,https://f.fcdn.app/imgs/5bebc2/www.gstop.uy/gameuy/1718/webp/catalogo/63995_63995_4/1024-1024/puzzle-3d-mision-espacial-50-piezas-puzzle-3d-mision-espacial-50-piezas.jpg,
63997,,https://f.fcdn.app/imgs/81c4a6/www.gstop.uy/gameuy/7553/webp/catalogo/63997_63997_1/1024-1024/bloque-de-madera-72-piezas-mosaico-bloque-de-madera-72-piezas-mosaico.jpg,https://f.fcdn.app/imgs/741bb5/www.gstop.uy/gameuy/0abf/webp/catalogo/63997_63997_2/1024-1024/bloque-de-madera-72-piezas-mosaico-bloque-de-madera-72-piezas-mosaico.jpg,,,
63998,,https://f.fcdn.app/imgs/d47101/www.gstop.uy/gameuy/82b2/webp/catalogo/63998_63998_1/1024-1024/puzzle-y-bloques-de-madera-70-piezas-modelo-pista-puzzle-y-bloques-de-madera-70-piezas-modelo-pista.jpg,,,,
63999,,https://f.fcdn.app/imgs/e86a29/www.gstop.uy/gameuy/7d1e/webp/catalogo/63999_63999_1/1024-1024/tablero-de-ajedrez-modelo-de-madera-plegable-tablero-de-ajedrez-modelo-de-madera-plegable.jpg,,,,
64000,,https://f.fcdn.app/imgs/295ec9/www.gstop.uy/gameuy/608e/webp/catalogo/64000_64000_1/1024-1024/auto-transformable-auto-robot-a-control-remoto-chico-auto-transformable-auto-robot-a-control-remoto-chico.jpg,https://f.fcdn.app/imgs/7ce468/www.gstop.uy/gameuy/2d40/webp/catalogo/64000_64000_2/1024-1024/auto-transformable-auto-robot-a-control-remoto-chico-auto-transformable-auto-robot-a-control-remoto-chico.jpg,https://f.fcdn.app/imgs/880ff4/www.gstop.uy/gameuy/0bb8/webp/catalogo/64000_64000_3/1024-1024/auto-transformable-auto-robot-a-control-remoto-chico-auto-transformable-auto-robot-a-control-remoto-chico.jpg,https://f.fcdn.app/imgs/77df9c/www.gstop.uy/gameuy/5c3e/webp/catalogo/64000_64000_4/1024-1024/auto-transformable-auto-robot-a-control-remoto-chico-auto-transformable-auto-robot-a-control-remoto-chico.jpg,https://f.fcdn.app/imgs/83714f/www.gstop.uy/gameuy/39eb/webp/catalogo/64000_64000_5/1024-1024/auto-transformable-auto-robot-a-control-remoto-chico-auto-transformable-auto-robot-a-control-remoto-chico.jpg
64002,,https://f.fcdn.app/imgs/15d840/www.gstop.uy/gameuy/11f5/webp/catalogo/64002_64002_1/1024-1024/bloques-parque-de-diversiones-con-accesorios-36-piezas-bloques-parque-de-diversiones-con-accesorios-36-piezas.jpg,https://f.fcdn.app/imgs/7af79b/www.gstop.uy/gameuy/0755/webp/catalogo/64002_64002_2/1024-1024/bloques-parque-de-diversiones-con-accesorios-36-piezas-bloques-parque-de-diversiones-con-accesorios-36-piezas.jpg,,,
64003,,https://f.fcdn.app/imgs/fd3627/www.gstop.uy/gameuy/5060/webp/catalogo/64003_64003_1/1024-1024/bloques-engranajes-de-52-piezas-bloques-engranajes-de-52-piezas.jpg,https://f.fcdn.app/imgs/70074c/www.gstop.uy/gameuy/a09d/webp/catalogo/64003_64003_2/1024-1024/bloques-engranajes-de-52-piezas-bloques-engranajes-de-52-piezas.jpg,https://f.fcdn.app/imgs/baeadf/www.gstop.uy/gameuy/ec84/webp/catalogo/64003_64003_3/1024-1024/bloques-engranajes-de-52-piezas-bloques-engranajes-de-52-piezas.jpg,,
64004,,https://f.fcdn.app/imgs/45358c/www.gstop.uy/gameuy/787d/webp/catalogo/64004_64004_1/1024-1024/juego-de-mesa-torre-de-equilibrio-pinguinos-juego-de-mesa-torre-de-equilibrio-pinguinos.jpg,https://f.fcdn.app/imgs/522066/www.gstop.uy/gameuy/af04/webp/catalogo/64004_64004_2/1024-1024/juego-de-mesa-torre-de-equilibrio-pinguinos-juego-de-mesa-torre-de-equilibrio-pinguinos.jpg,https://f.fcdn.app/imgs/7305be/www.gstop.uy/gameuy/c1c1/webp/catalogo/64004_64004_3/1024-1024/juego-de-mesa-torre-de-equilibrio-pinguinos-juego-de-mesa-torre-de-equilibrio-pinguinos.jpg,https://f.fcdn.app/imgs/b0013c/www.gstop.uy/gameuy/eb42/webp/catalogo/64004_64004_4/1024-1024/juego-de-mesa-torre-de-equilibrio-pinguinos-juego-de-mesa-torre-de-equilibrio-pinguinos.jpg,
64005,,https://f.fcdn.app/imgs/712e7c/www.gstop.uy/gameuy/6359/webp/catalogo/64005_64005_1/1024-1024/juego-de-mesa-rebote-de-pelotas-juego-de-mesa-rebote-de-pelotas.jpg,,,,
64006,,https://f.fcdn.app/imgs/f8597f/www.gstop.uy/gameuy/d40e/webp/catalogo/64006_64006_1/1024-1024/juego-de-mesa-ta-te-ti-de-madera-juego-de-mesa-ta-te-ti-de-madera.jpg,https://f.fcdn.app/imgs/a3533a/www.gstop.uy/gameuy/1e66/webp/catalogo/64006_64006_2/1024-1024/juego-de-mesa-ta-te-ti-de-madera-juego-de-mesa-ta-te-ti-de-madera.jpg,https://f.fcdn.app/imgs/8d773d/www.gstop.uy/gameuy/dd0a/webp/catalogo/64006_64006_3/1024-1024/juego-de-mesa-ta-te-ti-de-madera-juego-de-mesa-ta-te-ti-de-madera.jpg,https://f.fcdn.app/imgs/52a064/www.gstop.uy/gameuy/7ff8/webp/catalogo/64006_64006_4/1024-1024/juego-de-mesa-ta-te-ti-de-madera-juego-de-mesa-ta-te-ti-de-madera.jpg,https://f.fcdn.app/imgs/37cf81/www.gstop.uy/gameuy/7894/webp/catalogo/64006_64006_5/1024-1024/juego-de-mesa-ta-te-ti-de-madera-juego-de-mesa-ta-te-ti-de-madera.jpg
64007,,https://f.fcdn.app/imgs/6103c0/www.gstop.uy/gameuy/798d/webp/catalogo/64007_64007_1/1024-1024/puzzle-de-dinosaurios-100-piezas-puzzle-de-dinosaurios-100-piezas.jpg,,,,
64010,,https://f.fcdn.app/imgs/09913a/www.gstop.uy/gameuy/eb08/webp/catalogo/64010_64010_1/1024-1024/puzzle-de-dinosaurios-60-piezas-puzzle-de-dinosaurios-60-piezas.jpg,,,,
64011,,https://f.fcdn.app/imgs/8a1c49/www.gstop.uy/gameuy/d9ce/webp/catalogo/64011_64011_1/1024-1024/puzzle-de-dinosaurios-madera-35-piezas-puzzle-de-dinosaurios-madera-35-piezas.jpg,https://f.fcdn.app/imgs/5e0f1c/www.gstop.uy/gameuy/324f/webp/catalogo/64011_64011_2/1024-1024/puzzle-de-dinosaurios-madera-35-piezas-puzzle-de-dinosaurios-madera-35-piezas.jpg,,,
64012,,https://f.fcdn.app/imgs/4e9160/www.gstop.uy/gameuy/c4ce/webp/catalogo/64012_64012_1/1024-1024/puzzles-de-madera-36-piezas-9-escenarios-puzzles-de-madera-36-piezas-9-escenarios.jpg,,,,
64013,,https://f.fcdn.app/imgs/b54ce5/www.gstop.uy/gameuy/8d94/webp/catalogo/64013_64013_1/1024-1024/puzzle-y-bloques-de-madera-90-piezas-modelo-granja-puzzle-y-bloques-de-madera-90-piezas-modelo-granja.jpg,,,,
64017,,https://f.fcdn.app/imgs/f6a0a7/www.gstop.uy/gameuy/9306/webp/catalogo/64017_64017_1/1024-1024/torre-de-maderas-multiformas-10-piezas-torre-de-maderas-multiformas-10-piezas.jpg,https://f.fcdn.app/imgs/b33cca/www.gstop.uy/gameuy/4a06/webp/catalogo/64017_64017_2/1024-1024/torre-de-maderas-multiformas-10-piezas-torre-de-maderas-multiformas-10-piezas.jpg,https://f.fcdn.app/imgs/7635ac/www.gstop.uy/gameuy/f31e/webp/catalogo/64017_64017_3/1024-1024/torre-de-maderas-multiformas-10-piezas-torre-de-maderas-multiformas-10-piezas.jpg,https://f.fcdn.app/imgs/9fcd50/www.gstop.uy/gameuy/71cf/webp/catalogo/64017_64017_4/1024-1024/torre-de-maderas-multiformas-10-piezas-torre-de-maderas-multiformas-10-piezas.jpg,
64019,,https://f.fcdn.app/imgs/96d2be/www.gstop.uy/gameuy/9b14/webp/catalogo/64019_64019_1/1024-1024/parlante-bluetooth-con-panel-led-rgb-usb-mic-fm-parlante-bluetooth-con-panel-led-rgb-usb-mic-fm.jpg,https://f.fcdn.app/imgs/0a8848/www.gstop.uy/gameuy/928f/webp/catalogo/64019_64019_2/1024-1024/parlante-bluetooth-con-panel-led-rgb-usb-mic-fm-parlante-bluetooth-con-panel-led-rgb-usb-mic-fm.jpg,https://f.fcdn.app/imgs/efe30e/www.gstop.uy/gameuy/2ba2/webp/catalogo/64019_64019_3/1024-1024/parlante-bluetooth-con-panel-led-rgb-usb-mic-fm-parlante-bluetooth-con-panel-led-rgb-usb-mic-fm.jpg,https://f.fcdn.app/imgs/bbca17/www.gstop.uy/gameuy/e235/webp/catalogo/64019_64019_4/1024-1024/parlante-bluetooth-con-panel-led-rgb-usb-mic-fm-parlante-bluetooth-con-panel-led-rgb-usb-mic-fm.jpg,
64020,,https://f.fcdn.app/imgs/fde3b9/www.gstop.uy/gameuy/fa09/webp/catalogo/64020_64020_1/1024-1024/parlante-bluetooth-portatil-3-5w-recargable-parlante-bluetooth-portatil-3-5w-recargable.jpg,https://f.fcdn.app/imgs/9db4b8/www.gstop.uy/gameuy/906e/webp/catalogo/64020_64020_2/1024-1024/parlante-bluetooth-portatil-3-5w-recargable-parlante-bluetooth-portatil-3-5w-recargable.jpg,https://f.fcdn.app/imgs/17f063/www.gstop.uy/gameuy/a767/webp/catalogo/64020_64020_3/1024-1024/parlante-bluetooth-portatil-3-5w-recargable-parlante-bluetooth-portatil-3-5w-recargable.jpg,https://f.fcdn.app/imgs/e8d97f/www.gstop.uy/gameuy/294b/webp/catalogo/64020_64020_4/1024-1024/parlante-bluetooth-portatil-3-5w-recargable-parlante-bluetooth-portatil-3-5w-recargable.jpg,
64022,,https://f.fcdn.app/imgs/de070d/www.gstop.uy/gameuy/5c78/webp/catalogo/64022_64022_1/1024-1024/parlante-bluetooth-4-con-soporte-para-celular-y-manija-parlante-bluetooth-4-con-soporte-para-celular-y-manija.jpg,,,,
64023,,https://f.fcdn.app/imgs/56a526/www.gstop.uy/gameuy/d9ef/webp/catalogo/64023_64023_1/1024-1024/parlante-bluetooth-portatil-4-5w-recargable-con-soporte-para-celular-parlante-bluetooth-portatil-4-5w-recargable-con-soporte-para-celular.jpg,https://f.fcdn.app/imgs/2ab347/www.gstop.uy/gameuy/6e1c/webp/catalogo/64023_64023_2/1024-1024/parlante-bluetooth-portatil-4-5w-recargable-con-soporte-para-celular-parlante-bluetooth-portatil-4-5w-recargable-con-soporte-para-celular.jpg,https://f.fcdn.app/imgs/a4894f/www.gstop.uy/gameuy/3241/webp/catalogo/64023_64023_3/1024-1024/parlante-bluetooth-portatil-4-5w-recargable-con-soporte-para-celular-parlante-bluetooth-portatil-4-5w-recargable-con-soporte-para-celular.jpg,https://f.fcdn.app/imgs/c727c6/www.gstop.uy/gameuy/30ec/webp/catalogo/64023_64023_4/1024-1024/parlante-bluetooth-portatil-4-5w-recargable-con-soporte-para-celular-parlante-bluetooth-portatil-4-5w-recargable-con-soporte-para-celular.jpg,
64025,,https://f.fcdn.app/imgs/f15058/www.gstop.uy/gameuy/a6ab/webp/catalogo/64025_64025_1/1024-1024/auricular-bluetooth-inalambrico-jbl-t520-57-horas-de-bateria-auricular-bluetooth-inalambrico-jbl-t520-57-horas-de-bateria.jpg,https://f.fcdn.app/imgs/36657f/www.gstop.uy/gameuy/bf94/webp/catalogo/64025_64025_2/1024-1024/auricular-bluetooth-inalambrico-jbl-t520-57-horas-de-bateria-auricular-bluetooth-inalambrico-jbl-t520-57-horas-de-bateria.jpg,https://f.fcdn.app/imgs/515a2e/www.gstop.uy/gameuy/a60b/webp/catalogo/64025_64025_3/1024-1024/auricular-bluetooth-inalambrico-jbl-t520-57-horas-de-bateria-auricular-bluetooth-inalambrico-jbl-t520-57-horas-de-bateria.jpg,https://f.fcdn.app/imgs/e941c1/www.gstop.uy/gameuy/0d08/webp/catalogo/64025_64025_4/1024-1024/auricular-bluetooth-inalambrico-jbl-t520-57-horas-de-bateria-auricular-bluetooth-inalambrico-jbl-t520-57-horas-de-bateria.jpg,https://f.fcdn.app/imgs/e864a9/www.gstop.uy/gameuy/93fb/webp/catalogo/64025_64025_5/1024-1024/auricular-bluetooth-inalambrico-jbl-t520-57-horas-de-bateria-auricular-bluetooth-inalambrico-jbl-t520-57-horas-de-bateria.jpg
64027,,https://f.fcdn.app/imgs/e5ba04/www.gstop.uy/gameuy/3898/webp/catalogo/64027_64027_1/1024-1024/camara-de-foto-infantil-con-protector-de-gatito-y-juegos-camara-de-foto-infantil-con-protector-de-gatito-y-juegos.jpg,https://f.fcdn.app/imgs/88bc14/www.gstop.uy/gameuy/7ee6/webp/catalogo/64027_64027_2/1024-1024/camara-de-foto-infantil-con-protector-de-gatito-y-juegos-camara-de-foto-infantil-con-protector-de-gatito-y-juegos.jpg,https://f.fcdn.app/imgs/312110/www.gstop.uy/gameuy/0518/webp/catalogo/64027_64027_3/1024-1024/camara-de-foto-infantil-con-protector-de-gatito-y-juegos-camara-de-foto-infantil-con-protector-de-gatito-y-juegos.jpg,https://f.fcdn.app/imgs/96cde3/www.gstop.uy/gameuy/2f2a/webp/catalogo/64027_64027_4/1024-1024/camara-de-foto-infantil-con-protector-de-gatito-y-juegos-camara-de-foto-infantil-con-protector-de-gatito-y-juegos.jpg,https://f.fcdn.app/imgs/f128da/www.gstop.uy/gameuy/fd7c/webp/catalogo/64027_64027_5/1024-1024/camara-de-foto-infantil-con-protector-de-gatito-y-juegos-camara-de-foto-infantil-con-protector-de-gatito-y-juegos.jpg
64029,,https://f.fcdn.app/imgs/605d8d/www.gstop.uy/gameuy/dbf5/webp/catalogo/64029_64029_1/1024-1024/drone-360-con-camara-con-retorno-automatico-drone-360-con-camara-con-retorno-automatico.jpg,,,,
64030,,https://f.fcdn.app/imgs/d369a6/www.gstop.uy/gameuy/b675/webp/catalogo/64030_64030_1/1024-1024/parlante-bluetooth-20w-6-hrs-de-bateria-negro-o-azul-parlante-bluetooth-20w-6-hrs-de-bateria-negro-o-azul.jpg,https://f.fcdn.app/imgs/23a8e4/www.gstop.uy/gameuy/eb2f/webp/catalogo/64030_64030_2/1024-1024/parlante-bluetooth-20w-6-hrs-de-bateria-negro-o-azul-parlante-bluetooth-20w-6-hrs-de-bateria-negro-o-azul.jpg,https://f.fcdn.app/imgs/5c73b3/www.gstop.uy/gameuy/8349/webp/catalogo/64030_64030_3/1024-1024/parlante-bluetooth-20w-6-hrs-de-bateria-negro-o-azul-parlante-bluetooth-20w-6-hrs-de-bateria-negro-o-azul.jpg,https://f.fcdn.app/imgs/6a29e8/www.gstop.uy/gameuy/8a32/webp/catalogo/64030_64030_4/1024-1024/parlante-bluetooth-20w-6-hrs-de-bateria-negro-o-azul-parlante-bluetooth-20w-6-hrs-de-bateria-negro-o-azul.jpg,
64031,,https://f.fcdn.app/imgs/8ca96d/www.gstop.uy/gameuy/0bc6/webp/catalogo/64031_64031_1/1024-1024/mascota-virtual-varios-colores-mascota-virtual-varios-colores.jpg,https://f.fcdn.app/imgs/e47f03/www.gstop.uy/gameuy/3c0d/webp/catalogo/64031_64031_2/1024-1024/mascota-virtual-varios-colores-mascota-virtual-varios-colores.jpg,https://f.fcdn.app/imgs/18fb32/www.gstop.uy/gameuy/e07e/webp/catalogo/64031_64031_3/1024-1024/mascota-virtual-varios-colores-mascota-virtual-varios-colores.jpg,https://f.fcdn.app/imgs/eaa379/www.gstop.uy/gameuy/b148/webp/catalogo/64031_64031_4/1024-1024/mascota-virtual-varios-colores-mascota-virtual-varios-colores.jpg,https://f.fcdn.app/imgs/1115f6/www.gstop.uy/gameuy/96ae/webp/catalogo/64031_64031_5/1024-1024/mascota-virtual-varios-colores-mascota-virtual-varios-colores.jpg
64040,,https://f.fcdn.app/imgs/94fc9d/www.gstop.uy/gameuy/af19/webp/catalogo/64040_64040_1/1024-1024/rollo-led-rgb-de-15-mts-gran-luminosidad-rollo-led-rgb-de-15-mts-gran-luminosidad.jpg,https://f.fcdn.app/imgs/22c636/www.gstop.uy/gameuy/2ef9/webp/catalogo/64040_64040_2/1024-1024/rollo-led-rgb-de-15-mts-gran-luminosidad-rollo-led-rgb-de-15-mts-gran-luminosidad.jpg,https://f.fcdn.app/imgs/d69b44/www.gstop.uy/gameuy/be5c/webp/catalogo/64040_64040_3/1024-1024/rollo-led-rgb-de-15-mts-gran-luminosidad-rollo-led-rgb-de-15-mts-gran-luminosidad.jpg,https://f.fcdn.app/imgs/04fd77/www.gstop.uy/gameuy/f520/webp/catalogo/64040_64040_4/1024-1024/rollo-led-rgb-de-15-mts-gran-luminosidad-rollo-led-rgb-de-15-mts-gran-luminosidad.jpg,https://f.fcdn.app/imgs/daebc2/www.gstop.uy/gameuy/e2fd/webp/catalogo/64040_64040_5/1024-1024/rollo-led-rgb-de-15-mts-gran-luminosidad-rollo-led-rgb-de-15-mts-gran-luminosidad.jpg
64042,,https://f.fcdn.app/imgs/cb7391/www.gstop.uy/gameuy/2605/webp/catalogo/64042_64042_1/1024-1024/reloj-smartwatch-xion-55-inteligente-estilo-banda-reloj-smartwatch-xion-55-inteligente-estilo-banda.jpg,https://f.fcdn.app/imgs/c753af/www.gstop.uy/gameuy/4c60/webp/catalogo/64042_64042_2/1024-1024/reloj-smartwatch-xion-55-inteligente-estilo-banda-reloj-smartwatch-xion-55-inteligente-estilo-banda.jpg,https://f.fcdn.app/imgs/648b29/www.gstop.uy/gameuy/a8c9/webp/catalogo/64042_64042_3/1024-1024/reloj-smartwatch-xion-55-inteligente-estilo-banda-reloj-smartwatch-xion-55-inteligente-estilo-banda.jpg,https://f.fcdn.app/imgs/a37ec7/www.gstop.uy/gameuy/8b36/webp/catalogo/64042_64042_4/1024-1024/reloj-smartwatch-xion-55-inteligente-estilo-banda-reloj-smartwatch-xion-55-inteligente-estilo-banda.jpg,https://f.fcdn.app/imgs/84a223/www.gstop.uy/gameuy/db1c/webp/catalogo/64042_64042_5/1024-1024/reloj-smartwatch-xion-55-inteligente-estilo-banda-reloj-smartwatch-xion-55-inteligente-estilo-banda.jpg
64043,,https://f.fcdn.app/imgs/929867/www.gstop.uy/gameuy/be33/webp/catalogo/64043_64043_1/1024-1024/reloj-smartwatch-xion-66-inteligente-llamadas-reloj-smartwatch-xion-66-inteligente-llamadas.jpg,https://f.fcdn.app/imgs/88855d/www.gstop.uy/gameuy/f75b/webp/catalogo/64043_64043_2/1024-1024/reloj-smartwatch-xion-66-inteligente-llamadas-reloj-smartwatch-xion-66-inteligente-llamadas.jpg,https://f.fcdn.app/imgs/9ef019/www.gstop.uy/gameuy/8dbe/webp/catalogo/64043_64043_3/1024-1024/reloj-smartwatch-xion-66-inteligente-llamadas-reloj-smartwatch-xion-66-inteligente-llamadas.jpg,https://f.fcdn.app/imgs/88e2ca/www.gstop.uy/gameuy/ab70/webp/catalogo/64043_64043_4/1024-1024/reloj-smartwatch-xion-66-inteligente-llamadas-reloj-smartwatch-xion-66-inteligente-llamadas.jpg,https://f.fcdn.app/imgs/6ff7ed/www.gstop.uy/gameuy/dd27/webp/catalogo/64043_64043_5/1024-1024/reloj-smartwatch-xion-66-inteligente-llamadas-reloj-smartwatch-xion-66-inteligente-llamadas.jpg
64044,,https://f.fcdn.app/imgs/ade65c/www.gstop.uy/gameuy/806d/webp/catalogo/64044_64044_1/1024-1024/reloj-smartwatch-xion-77-inteligente-llamadas-reloj-smartwatch-xion-77-inteligente-llamadas.jpg,https://f.fcdn.app/imgs/23df57/www.gstop.uy/gameuy/c5ce/webp/catalogo/64044_64044_2/1024-1024/reloj-smartwatch-xion-77-inteligente-llamadas-reloj-smartwatch-xion-77-inteligente-llamadas.jpg,https://f.fcdn.app/imgs/6e8995/www.gstop.uy/gameuy/af27/webp/catalogo/64044_64044_3/1024-1024/reloj-smartwatch-xion-77-inteligente-llamadas-reloj-smartwatch-xion-77-inteligente-llamadas.jpg,https://f.fcdn.app/imgs/7ee416/www.gstop.uy/gameuy/0aa5/webp/catalogo/64044_64044_4/1024-1024/reloj-smartwatch-xion-77-inteligente-llamadas-reloj-smartwatch-xion-77-inteligente-llamadas.jpg,
64045,,https://f.fcdn.app/imgs/c68faf/www.gstop.uy/gameuy/605b/webp/catalogo/64045_64045_1/1024-1024/reloj-smartwatch-xion-88-inteligente-llamadas-reloj-smartwatch-xion-88-inteligente-llamadas.jpg,https://f.fcdn.app/imgs/9fe1c8/www.gstop.uy/gameuy/8295/webp/catalogo/64045_64045_2/1024-1024/reloj-smartwatch-xion-88-inteligente-llamadas-reloj-smartwatch-xion-88-inteligente-llamadas.jpg,,,
64046,,https://f.fcdn.app/imgs/bd40ff/www.gstop.uy/gameuy/73c3/webp/catalogo/64046_64046_1/1024-1024/reloj-smartwatch-xion-99-inteligente-llamadas-reloj-smartwatch-xion-99-inteligente-llamadas.jpg,https://f.fcdn.app/imgs/379a9a/www.gstop.uy/gameuy/bf2f/webp/catalogo/64046_64046_2/1024-1024/reloj-smartwatch-xion-99-inteligente-llamadas-reloj-smartwatch-xion-99-inteligente-llamadas.jpg,https://f.fcdn.app/imgs/5daf37/www.gstop.uy/gameuy/2564/webp/catalogo/64046_64046_3/1024-1024/reloj-smartwatch-xion-99-inteligente-llamadas-reloj-smartwatch-xion-99-inteligente-llamadas.jpg,,
64047,,https://f.fcdn.app/imgs/fdf37a/www.gstop.uy/gameuy/89fe/webp/catalogo/64047_64047_1/1024-1024/combo-gamer-pc-ps4-ps5-con-luces-rgb-mouse-teclado-mousepad-headset-combo-gamer-pc-ps4-ps5-con-luces-rgb-mouse-teclado-mousepad-headset.jpg,https://f.fcdn.app/imgs/9cea0e/www.gstop.uy/gameuy/4769/webp/catalogo/64047_64047_2/1024-1024/combo-gamer-pc-ps4-ps5-con-luces-rgb-mouse-teclado-mousepad-headset-combo-gamer-pc-ps4-ps5-con-luces-rgb-mouse-teclado-mousepad-headset.jpg,https://f.fcdn.app/imgs/ebe4f9/www.gstop.uy/gameuy/682c/webp/catalogo/64047_64047_3/1024-1024/combo-gamer-pc-ps4-ps5-con-luces-rgb-mouse-teclado-mousepad-headset-combo-gamer-pc-ps4-ps5-con-luces-rgb-mouse-teclado-mousepad-headset.jpg,https://f.fcdn.app/imgs/45f380/www.gstop.uy/gameuy/6de8/webp/catalogo/64047_64047_4/1024-1024/combo-gamer-pc-ps4-ps5-con-luces-rgb-mouse-teclado-mousepad-headset-combo-gamer-pc-ps4-ps5-con-luces-rgb-mouse-teclado-mousepad-headset.jpg,
64050,,https://f.fcdn.app/imgs/fe1385/www.gstop.uy/gameuy/7698/webp/catalogo/64050_64050_1/1024-1024/teclado-gamer-mecanico-switch-blue-gk-986-teclado-gamer-mecanico-switch-blue-gk-986.jpg,https://f.fcdn.app/imgs/70e999/www.gstop.uy/gameuy/ce69/webp/catalogo/64050_64050_2/1024-1024/teclado-gamer-mecanico-switch-blue-gk-986-teclado-gamer-mecanico-switch-blue-gk-986.jpg,https://f.fcdn.app/imgs/455579/www.gstop.uy/gameuy/e68e/webp/catalogo/64050_64050_3/1024-1024/teclado-gamer-mecanico-switch-blue-gk-986-teclado-gamer-mecanico-switch-blue-gk-986.jpg,https://f.fcdn.app/imgs/dcf647/www.gstop.uy/gameuy/0688/webp/catalogo/64050_64050_4/1024-1024/teclado-gamer-mecanico-switch-blue-gk-986-teclado-gamer-mecanico-switch-blue-gk-986.jpg,
64054,,https://f.fcdn.app/imgs/f11497/www.gstop.uy/gameuy/bdb3/webp/catalogo/64054_64054_1/1024-1024/teclado-gamer-mecanico-switch-blue-rgb-gk-915-teclado-gamer-mecanico-switch-blue-rgb-gk-915.jpg,https://f.fcdn.app/imgs/6ec86c/www.gstop.uy/gameuy/15ee/webp/catalogo/64054_64054_2/1024-1024/teclado-gamer-mecanico-switch-blue-rgb-gk-915-teclado-gamer-mecanico-switch-blue-rgb-gk-915.jpg,https://f.fcdn.app/imgs/f4d4ea/www.gstop.uy/gameuy/2b59/webp/catalogo/64054_64054_3/1024-1024/teclado-gamer-mecanico-switch-blue-rgb-gk-915-teclado-gamer-mecanico-switch-blue-rgb-gk-915.jpg,https://f.fcdn.app/imgs/562c81/www.gstop.uy/gameuy/7c95/webp/catalogo/64054_64054_4/1024-1024/teclado-gamer-mecanico-switch-blue-rgb-gk-915-teclado-gamer-mecanico-switch-blue-rgb-gk-915.jpg,
64058,,https://f.fcdn.app/imgs/dc7162/www.gstop.uy/gameuy/055c/webp/catalogo/64058_64058_1/1024-1024/bluetooth-para-radio-de-auto-hoco-calidad-alta-con-microfono-bluetooth-para-radio-de-auto-hoco-calidad-alta-con-microfono.jpg,https://f.fcdn.app/imgs/f29d11/www.gstop.uy/gameuy/3601/webp/catalogo/64058_64058_2/1024-1024/bluetooth-para-radio-de-auto-hoco-calidad-alta-con-microfono-bluetooth-para-radio-de-auto-hoco-calidad-alta-con-microfono.jpg,https://f.fcdn.app/imgs/3b3dc7/www.gstop.uy/gameuy/45cc/webp/catalogo/64058_64058_3/1024-1024/bluetooth-para-radio-de-auto-hoco-calidad-alta-con-microfono-bluetooth-para-radio-de-auto-hoco-calidad-alta-con-microfono.jpg,https://f.fcdn.app/imgs/23a67c/www.gstop.uy/gameuy/0466/webp/catalogo/64058_64058_4/1024-1024/bluetooth-para-radio-de-auto-hoco-calidad-alta-con-microfono-bluetooth-para-radio-de-auto-hoco-calidad-alta-con-microfono.jpg,https://f.fcdn.app/imgs/7f5e70/www.gstop.uy/gameuy/64b9/webp/catalogo/64058_64058_5/1024-1024/bluetooth-para-radio-de-auto-hoco-calidad-alta-con-microfono-bluetooth-para-radio-de-auto-hoco-calidad-alta-con-microfono.jpg
64059,,https://f.fcdn.app/imgs/2bf7b5/www.gstop.uy/gameuy/f11f/webp/catalogo/64059_64059_1/1024-1024/receptor-bluetooth-para-colocar-auriculares-inalambricos-en-tv-receptor-bluetooth-para-colocar-auriculares-inalambricos-en-tv.jpg,https://f.fcdn.app/imgs/af8392/www.gstop.uy/gameuy/2343/webp/catalogo/64059_64059_2/1024-1024/receptor-bluetooth-para-colocar-auriculares-inalambricos-en-tv-receptor-bluetooth-para-colocar-auriculares-inalambricos-en-tv.jpg,https://f.fcdn.app/imgs/4dc067/www.gstop.uy/gameuy/91c7/webp/catalogo/64059_64059_3/1024-1024/receptor-bluetooth-para-colocar-auriculares-inalambricos-en-tv-receptor-bluetooth-para-colocar-auriculares-inalambricos-en-tv.jpg,https://f.fcdn.app/imgs/545fbd/www.gstop.uy/gameuy/0e21/webp/catalogo/64059_64059_4/1024-1024/receptor-bluetooth-para-colocar-auriculares-inalambricos-en-tv-receptor-bluetooth-para-colocar-auriculares-inalambricos-en-tv.jpg,https://f.fcdn.app/imgs/468ef4/www.gstop.uy/gameuy/86cd/webp/catalogo/64059_64059_5/1024-1024/receptor-bluetooth-para-colocar-auriculares-inalambricos-en-tv-receptor-bluetooth-para-colocar-auriculares-inalambricos-en-tv.jpg
64060,,https://f.fcdn.app/imgs/2b82f9/www.gstop.uy/gameuy/4555/webp/catalogo/64060_64060_1/1024-1024/secador-de-pelo-supersonic-ledstar-con-accesorios-secador-de-pelo-supersonic-ledstar-con-accesorios.jpg,https://f.fcdn.app/imgs/22214c/www.gstop.uy/gameuy/6253/webp/catalogo/64060_64060_2/1024-1024/secador-de-pelo-supersonic-ledstar-con-accesorios-secador-de-pelo-supersonic-ledstar-con-accesorios.jpg,https://f.fcdn.app/imgs/2822b8/www.gstop.uy/gameuy/da58/webp/catalogo/64060_64060_3/1024-1024/secador-de-pelo-supersonic-ledstar-con-accesorios-secador-de-pelo-supersonic-ledstar-con-accesorios.jpg,,
64087,,https://f.fcdn.app/imgs/ff838c/www.gstop.uy/gameuy/ad71/webp/catalogo/64087_64087_1/1024-1024/auricular-gamer-para-pc-7-1-por-usb-con-luces-rgb-gh-904-auricular-gamer-para-pc-7-1-por-usb-con-luces-rgb-gh-904.jpg,https://f.fcdn.app/imgs/f7e672/www.gstop.uy/gameuy/639e/webp/catalogo/64087_64087_2/1024-1024/auricular-gamer-para-pc-7-1-por-usb-con-luces-rgb-gh-904-auricular-gamer-para-pc-7-1-por-usb-con-luces-rgb-gh-904.jpg,https://f.fcdn.app/imgs/1d6bdb/www.gstop.uy/gameuy/b5c6/webp/catalogo/64087_64087_3/1024-1024/auricular-gamer-para-pc-7-1-por-usb-con-luces-rgb-gh-904-auricular-gamer-para-pc-7-1-por-usb-con-luces-rgb-gh-904.jpg,https://f.fcdn.app/imgs/a21f20/www.gstop.uy/gameuy/2fe7/webp/catalogo/64087_64087_4/1024-1024/auricular-gamer-para-pc-7-1-por-usb-con-luces-rgb-gh-904-auricular-gamer-para-pc-7-1-por-usb-con-luces-rgb-gh-904.jpg,
64090,,https://f.fcdn.app/imgs/209150/www.gstop.uy/gameuy/a760/webp/catalogo/64090_64090_1/1024-1024/telefono-inalambrico-panasonic-con-contestador-y-localizador-3411-telefono-inalambrico-panasonic-con-contestador-y-localizador-3411.jpg,https://f.fcdn.app/imgs/70bf7a/www.gstop.uy/gameuy/b7b4/webp/catalogo/64090_64090_2/1024-1024/telefono-inalambrico-panasonic-con-contestador-y-localizador-3411-telefono-inalambrico-panasonic-con-contestador-y-localizador-3411.jpg,https://f.fcdn.app/imgs/b23afa/www.gstop.uy/gameuy/45a8/webp/catalogo/64090_64090_3/1024-1024/telefono-inalambrico-panasonic-con-contestador-y-localizador-3411-telefono-inalambrico-panasonic-con-contestador-y-localizador-3411.jpg,https://f.fcdn.app/imgs/7ed729/www.gstop.uy/gameuy/5e93/webp/catalogo/64090_64090_4/1024-1024/telefono-inalambrico-panasonic-con-contestador-y-localizador-3411-telefono-inalambrico-panasonic-con-contestador-y-localizador-3411.jpg,
64091,,https://f.fcdn.app/imgs/3dc394/www.gstop.uy/gameuy/5314/webp/catalogo/64091_64091_1/1024-1024/telefono-inalambrico-panasonic-con-contestador-y-localizador-3551-telefono-inalambrico-panasonic-con-contestador-y-localizador-3551.jpg,https://f.fcdn.app/imgs/5b4d66/www.gstop.uy/gameuy/03ae/webp/catalogo/64091_64091_2/1024-1024/telefono-inalambrico-panasonic-con-contestador-y-localizador-3551-telefono-inalambrico-panasonic-con-contestador-y-localizador-3551.jpg,https://f.fcdn.app/imgs/efbbfa/www.gstop.uy/gameuy/3d14/webp/catalogo/64091_64091_3/1024-1024/telefono-inalambrico-panasonic-con-contestador-y-localizador-3551-telefono-inalambrico-panasonic-con-contestador-y-localizador-3551.jpg,https://f.fcdn.app/imgs/a29f88/www.gstop.uy/gameuy/314f/webp/catalogo/64091_64091_4/1024-1024/telefono-inalambrico-panasonic-con-contestador-y-localizador-3551-telefono-inalambrico-panasonic-con-contestador-y-localizador-3551.jpg,
64098,,https://f.fcdn.app/imgs/24c01e/www.gstop.uy/gameuy/2ddb/webp/catalogo/64098_64098_1/1024-1024/parlante-inalambrico-2-x-15-con-2-microfonos-y-control-remoto-parlante-inalambrico-2-x-15-con-2-microfonos-y-control-remoto.jpg,https://f.fcdn.app/imgs/093d27/www.gstop.uy/gameuy/d0db/webp/catalogo/64098_64098_2/1024-1024/parlante-inalambrico-2-x-15-con-2-microfonos-y-control-remoto-parlante-inalambrico-2-x-15-con-2-microfonos-y-control-remoto.jpg,https://f.fcdn.app/imgs/b5f745/www.gstop.uy/gameuy/e4a3/webp/catalogo/64098_64098_3/1024-1024/parlante-inalambrico-2-x-15-con-2-microfonos-y-control-remoto-parlante-inalambrico-2-x-15-con-2-microfonos-y-control-remoto.jpg,https://f.fcdn.app/imgs/ae3013/www.gstop.uy/gameuy/3d22/webp/catalogo/64098_64098_4/1024-1024/parlante-inalambrico-2-x-15-con-2-microfonos-y-control-remoto-parlante-inalambrico-2-x-15-con-2-microfonos-y-control-remoto.jpg,https://f.fcdn.app/imgs/4068ff/www.gstop.uy/gameuy/d1bf/webp/catalogo/64098_64098_5/1024-1024/parlante-inalambrico-2-x-15-con-2-microfonos-y-control-remoto-parlante-inalambrico-2-x-15-con-2-microfonos-y-control-remoto.jpg
64099,,https://f.fcdn.app/imgs/64be30/www.gstop.uy/gameuy/b163/webp/catalogo/64099_64099_1/1024-1024/parlante-inalambrico-2-x-12-con-2-microfonos-y-control-remoto-parlante-inalambrico-2-x-12-con-2-microfonos-y-control-remoto.jpg,https://f.fcdn.app/imgs/f41625/www.gstop.uy/gameuy/4bf0/webp/catalogo/64099_64099_2/1024-1024/parlante-inalambrico-2-x-12-con-2-microfonos-y-control-remoto-parlante-inalambrico-2-x-12-con-2-microfonos-y-control-remoto.jpg,https://f.fcdn.app/imgs/4ac448/www.gstop.uy/gameuy/51c5/webp/catalogo/64099_64099_3/1024-1024/parlante-inalambrico-2-x-12-con-2-microfonos-y-control-remoto-parlante-inalambrico-2-x-12-con-2-microfonos-y-control-remoto.jpg,https://f.fcdn.app/imgs/26b075/www.gstop.uy/gameuy/f70e/webp/catalogo/64099_64099_4/1024-1024/parlante-inalambrico-2-x-12-con-2-microfonos-y-control-remoto-parlante-inalambrico-2-x-12-con-2-microfonos-y-control-remoto.jpg,
61364,,https://f.fcdn.app/imgs/054e3b/www.gstop.uy/gameuy/dc81/webp/catalogo/61364_61364_1/1024-1024/auricular-aiwa-inalambrico-aw-36bt-auricular-aiwa-inalambrico-aw-36bt.jpg,https://f.fcdn.app/imgs/3a1ab5/www.gstop.uy/gameuy/3976/webp/catalogo/61364_61364_2/1024-1024/auricular-aiwa-inalambrico-aw-36bt-auricular-aiwa-inalambrico-aw-36bt.jpg,https://f.fcdn.app/imgs/fdce5b/www.gstop.uy/gameuy/506d/webp/catalogo/61364_61364_3/1024-1024/auricular-aiwa-inalambrico-aw-36bt-auricular-aiwa-inalambrico-aw-36bt.jpg,https://f.fcdn.app/imgs/5bad16/www.gstop.uy/gameuy/d069/webp/catalogo/61364_61364_4/1024-1024/auricular-aiwa-inalambrico-aw-36bt-auricular-aiwa-inalambrico-aw-36bt.jpg,
61273,,https://f.fcdn.app/imgs/0b317d/www.gstop.uy/gameuy/25b8/webp/catalogo/61273_61273_1/1024-1024/parlante-bluetooth-con-soporte-para-el-celular-parlante-bluetooth-con-soporte-para-el-celular.jpg,https://f.fcdn.app/imgs/8acb6c/www.gstop.uy/gameuy/fcfc/webp/catalogo/61273_61273_2/1024-1024/parlante-bluetooth-con-soporte-para-el-celular-parlante-bluetooth-con-soporte-para-el-celular.jpg,,,